id,intervention_id,provider_name, pdu_ref_id,contact,status
e255558c-a63c-4a48-a4eb-14783ea1b488,554b9fd0-6e66-4f1a-ad67-4f47503d3270,,bedfordshire,,
47c856d1-79b7-423c-acd7-466b9e3d93e5,554b9fd0-6e66-4f1a-ad67-4f47503d3270,,cambridgeshire,,
aad859f3-b32c-49af-bdc3-0dea1b3393cf,554b9fd0-6e66-4f1a-ad67-4f47503d3270,,essex-north,,
cc32d571-d6ef-4b15-bf47-7248734d1f01,554b9fd0-6e66-4f1a-ad67-4f47503d3270,,essex-south,,
60a8a405-058f-4564-ac83-765916198c15,554b9fd0-6e66-4f1a-ad67-4f47503d3270,,hertfordshire,,
0c5efcb6-131f-4acf-be3c-51a309619a94,554b9fd0-6e66-4f1a-ad67-4f47503d3270,,norfolk,,
2c1bb42d-2ba5-4db5-9050-3b138583d2ca,554b9fd0-6e66-4f1a-ad67-4f47503d3270,,northamptonshire,,
34ba6f4f-c8cc-4d80-aef8-bcbce50118ac,554b9fd0-6e66-4f1a-ad67-4f47503d3270,,suffolk,,
84aa3fe9-162c-4534-bc2e-e1de49b5fa32,554b9fd0-6e66-4f1a-ad67-4f47503d3270,,county-durham-and-darlington,,
3a5fadf1-0767-401c-909e-d50575459679,554b9fd0-6e66-4f1a-ad67-4f47503d3270,,gateshead-and-south-tyneside,,
eb043910-69f9-4c0b-8f0b-79016e920866,554b9fd0-6e66-4f1a-ad67-4f47503d3270,,newcastle-upon-tyne,,
85805d5b-95fd-474c-9f30-d5020798ed34,554b9fd0-6e66-4f1a-ad67-4f47503d3270,,north-tyneside-and-northumberland,,
163ff457-2125-4a5c-9b8a-03dded4fb6a4,554b9fd0-6e66-4f1a-ad67-4f47503d3270,,redcar-cleveland-and-middlesbrough,,
b6a80d85-8eae-4bbd-8655-2604b3d249b4,554b9fd0-6e66-4f1a-ad67-4f47503d3270,,stockton-and-hartlepool,,
f87f513d-8b3f-402b-9a08-382ff4fa852d,554b9fd0-6e66-4f1a-ad67-4f47503d3270,,sunderland,,
3d965333-e430-4c32-8307-206c5b4d953e,554b9fd0-6e66-4f1a-ad67-4f47503d3270,,cardiff-and-the-vale,,
36e4534a-0685-4d0c-a017-a1904f9b8b24,554b9fd0-6e66-4f1a-ad67-4f47503d3270,,cwm-taf-morgannwg,,
9decde7e-df77-48cc-bd72-8c2828bbd594,554b9fd0-6e66-4f1a-ad67-4f47503d3270,,dyfed-powys,,
17d7b83c-1054-4931-9cc6-b25241002585,554b9fd0-6e66-4f1a-ad67-4f47503d3270,,gwent,,
3579e6d5-1c3e-4c50-b22f-1682cc1cf0dd,554b9fd0-6e66-4f1a-ad67-4f47503d3270,,north-wales,,
8057ea67-6d6e-42aa-bff4-d28452c9c162,554b9fd0-6e66-4f1a-ad67-4f47503d3270,,swansea-neath-and-port-talbot,,
4eafa122-c6ee-4326-b9c4-d58c64204994,5d19b0ab-3de3-4b90-b0cb-f57a7a263ae9,,barking-dagenham-and-havering,,
29c558fc-f328-4681-b712-619061ca6cf7,5d19b0ab-3de3-4b90-b0cb-f57a7a263ae9,,camden-and-islington,,
17e5bdd5-3c97-4ff4-af8c-56e9fe61a528,5d19b0ab-3de3-4b90-b0cb-f57a7a263ae9,,croydon,,
31aa5c78-32e1-4547-bcf1-ba8d3da77d11,5d19b0ab-3de3-4b90-b0cb-f57a7a263ae9,,ealing-and-hillingdon,,
b42dcea1-0188-4b47-affb-7c27b6a26187,5d19b0ab-3de3-4b90-b0cb-f57a7a263ae9,,enfield-and-haringey,,
49644723-a465-4fa7-8284-533a50ad19fc,5d19b0ab-3de3-4b90-b0cb-f57a7a263ae9,,hammersmith-fulham-kensington-chelsea-and-westminster,,
b7b51a4d-540a-416f-aae0-e6c4e3f7f184,5d19b0ab-3de3-4b90-b0cb-f57a7a263ae9,,lambeth,,
e4177025-f6c2-4dec-aaea-4a9299fd73d2,5d19b0ab-3de3-4b90-b0cb-f57a7a263ae9,,lewisham-and-bromley,,
4c47cab1-788f-4ad4-a7d3-8e928233ea52,5d19b0ab-3de3-4b90-b0cb-f57a7a263ae9,,redbridge-and-waltham-forest,,
f2efd1af-cd71-4c85-a4b9-ff66d4960cfe,5d19b0ab-3de3-4b90-b0cb-f57a7a263ae9,,southwark,,
b690ce8d-1aea-49c3-b78c-6bfb34824715,5d19b0ab-3de3-4b90-b0cb-f57a7a263ae9,,wandsworth-merton-and-sutton,,
613b4990-9984-41da-9674-a1576fbda617,5d19b0ab-3de3-4b90-b0cb-f57a7a263ae9,,birmingham-central-and-south,,
d1e4d17b-40ac-4bc1-ab38-1c7b770bfcbe,5d19b0ab-3de3-4b90-b0cb-f57a7a263ae9,,birmingham-north-east-and-solihull,,
e4f8bf3c-a390-4f16-8126-5847e8d42838,5d19b0ab-3de3-4b90-b0cb-f57a7a263ae9,,coventry,,
1e0069ee-940a-48bf-99a2-f802a27960c8,5d19b0ab-3de3-4b90-b0cb-f57a7a263ae9,,dudley-and-sandwell,,
ad97ebc1-13b5-465e-b557-b8c0ef698e38,5d19b0ab-3de3-4b90-b0cb-f57a7a263ae9,,herefordshire-shropshire-and-telford,,
47acbc94-e7fb-446e-b36f-96fe342823ba,5d19b0ab-3de3-4b90-b0cb-f57a7a263ae9,,staffordshire-and-stoke,,
7ede5332-6014-4299-86a1-b8512bff2629,5d19b0ab-3de3-4b90-b0cb-f57a7a263ae9,,walsall-and-wolverhampton,,
470cdbbc-59eb-4f00-8ad1-b74f2c8cfb42,5d19b0ab-3de3-4b90-b0cb-f57a7a263ae9,,warwickshire,,
f0547ded-5a92-4c63-a455-7eccbda5128d,5d19b0ab-3de3-4b90-b0cb-f57a7a263ae9,,worcestershire,,
a9fa76e0-0497-4baa-8e4a-0f6fc33e10e8,5d19b0ab-3de3-4b90-b0cb-f57a7a263ae9,,buckinghamshire-and-milton-keynes,,
624ab5fc-096f-48bf-8d56-75c1641bbcd3,5d19b0ab-3de3-4b90-b0cb-f57a7a263ae9,,east-berkshire,,
ee6d01bc-8211-48ab-9ce0-31929653a659,5d19b0ab-3de3-4b90-b0cb-f57a7a263ae9,,hampshire-north-and-east,,
e88cdad6-11aa-4972-a784-7f04bb3a016d,5d19b0ab-3de3-4b90-b0cb-f57a7a263ae9,,oxfordshire,,
38a682d9-8d7a-4838-99e4-075696c5015b,5d19b0ab-3de3-4b90-b0cb-f57a7a263ae9,,portsmouth-and-isle-of-wight,,
13773391-b187-4b3a-b95f-d785edf0cd46,5d19b0ab-3de3-4b90-b0cb-f57a7a263ae9,,southampton-eastleigh-and-new-forest,,
c06b5dc2-bfb8-41fc-92ed-680dfdfc064b,5d19b0ab-3de3-4b90-b0cb-f57a7a263ae9,,west-berkshire,,
26efa4be-d0b4-4f92-bf84-6d80aa05a3cf,5d19b0ab-3de3-4b90-b0cb-f57a7a263ae9,,bath-and-north-somerset,,
ad7f275e-5968-4894-814c-50e1beff98f0,5d19b0ab-3de3-4b90-b0cb-f57a7a263ae9,,bristol-and-south-gloucestershire,,
c8ce8c44-4ba8-468b-817c-35aa3d9ffd74,5d19b0ab-3de3-4b90-b0cb-f57a7a263ae9,,cornwall-and-isles-of-scilly,,
6ffe81da-ac9b-4f09-8565-6ac79be9c5cc,5d19b0ab-3de3-4b90-b0cb-f57a7a263ae9,,devon-and-torbay,,
4b29f5b8-fb01-4ab5-ac3b-5a3432125f8b,5d19b0ab-3de3-4b90-b0cb-f57a7a263ae9,,dorset,,
78fc28f1-9780-4ba2-98f3-b609e4458b51,5d19b0ab-3de3-4b90-b0cb-f57a7a263ae9,,gloucestershire,,
418634a0-83c2-420f-a99d-c83cc0e002c1,5d19b0ab-3de3-4b90-b0cb-f57a7a263ae9,,plymouth,,
0609eb49-c3b5-417b-93b5-bff54a5c64cd,5d19b0ab-3de3-4b90-b0cb-f57a7a263ae9,,somerset,,
ffc14a07-3fe6-4ba6-be41-b27f0d27e627,5d19b0ab-3de3-4b90-b0cb-f57a7a263ae9,,swindon-and-wiltshire,,
214c5669-8461-40ec-87f1-a9ce0156b3e5,5d19b0ab-3de3-4b90-b0cb-f57a7a263ae9,,bradford-and-calderdale,,
2fab83f2-4ef1-43bf-82a5-7cd8fa7b36f0,5d19b0ab-3de3-4b90-b0cb-f57a7a263ae9,,bradford-and-calderdale,,
85bdd690-3773-4bcd-b800-53ddaafaa185,5d19b0ab-3de3-4b90-b0cb-f57a7a263ae9,,wakefield,,
6d00e188-0c52-4d2a-ae2a-cf5ffdd972ea,5d19b0ab-3de3-4b90-b0cb-f57a7a263ae9,,leeds,,
70aef5a3-304b-40ac-b323-2c3cc2ef10a5,5d19b0ab-3de3-4b90-b0cb-f57a7a263ae9,,kirklees,,
13b45193-ce1f-423f-9766-a3d1b78fe4c5,5d19b0ab-3de3-4b90-b0cb-f57a7a263ae9,,hull-and-east-riding,,
7283e221-e1de-4a17-af21-61f136cda5ec,5d19b0ab-3de3-4b90-b0cb-f57a7a263ae9,,north-and-north-east-lincolnshire,,
f43c9cd4-9f65-4283-b70d-09ebb298b64c,5d19b0ab-3de3-4b90-b0cb-f57a7a263ae9,,north-and-north-east-lincolnshire,,
2c8b7ef2-8603-4706-b81e-8d281b09d551,5d19b0ab-3de3-4b90-b0cb-f57a7a263ae9,,york,,
b771e6f0-f53a-4b9f-ba6a-5ccb62b7c99d,5d19b0ab-3de3-4b90-b0cb-f57a7a263ae9,,north-yorkshire,,
aabc7ba4-bec4-4933-b1c7-4415a23fa4f0,5d19b0ab-3de3-4b90-b0cb-f57a7a263ae9,,north-yorkshire,,
8ccd5703-5b0b-451c-a5bd-205fb1efcfca,5d19b0ab-3de3-4b90-b0cb-f57a7a263ae9,,north-yorkshire,,
78084655-7d0b-4418-9c26-c4d78a88264d,5d19b0ab-3de3-4b90-b0cb-f57a7a263ae9,,sheffield,,
6847c7fb-ad0c-414c-b32b-142e00204917,5d19b0ab-3de3-4b90-b0cb-f57a7a263ae9,,doncaster,,
ae6e90d8-745d-4e0e-9601-7e5c0d333cfc,5d19b0ab-3de3-4b90-b0cb-f57a7a263ae9,,barnsley-and-rotherham,,
f83a9500-19c9-4152-9145-217e91c86540,5d19b0ab-3de3-4b90-b0cb-f57a7a263ae9,,barnsley-and-rotherham,,
620e54dd-546a-41d8-b939-1213435e75d3,5d19b0ab-3de3-4b90-b0cb-f57a7a263ae9,,blackburn,,
3509e010-7712-4658-9c3e-8610ab13d44c,5d19b0ab-3de3-4b90-b0cb-f57a7a263ae9,,central-lancashire,,
484600ab-9ee1-453d-9812-55b192cf1abe,5d19b0ab-3de3-4b90-b0cb-f57a7a263ae9,,cheshire-east,,
bb2452a9-bc97-440d-b2ac-8cb0e6e90fe8,5d19b0ab-3de3-4b90-b0cb-f57a7a263ae9,,cheshire-west,,
95e9b50a-5ecf-4b93-8e6f-b52dfe2e0f9e,5d19b0ab-3de3-4b90-b0cb-f57a7a263ae9,,cumbria,,
63533002-a24a-480b-9640-28c2b711555e,5d19b0ab-3de3-4b90-b0cb-f57a7a263ae9,,east-lancashire,,
33b61157-a11e-4f46-9762-6af6cec97c6c,5d19b0ab-3de3-4b90-b0cb-f57a7a263ae9,,knowsley-and-st-helens,,
88aa0572-ddda-42c6-8910-6a2c9a2afdd4,5d19b0ab-3de3-4b90-b0cb-f57a7a263ae9,,liverpool-north,,
712734d1-234e-4542-b4b0-ee5ed4324988,5d19b0ab-3de3-4b90-b0cb-f57a7a263ae9,,liverpool-south,,
5aec70c7-492c-47ff-9374-5cada4079acc,5d19b0ab-3de3-4b90-b0cb-f57a7a263ae9,,north-west-lancashire,,
126d49b7-edbc-4e97-98e9-9de71ec3418d,5d19b0ab-3de3-4b90-b0cb-f57a7a263ae9,,sefton,,
9b34dab4-d500-4ae6-b70a-a460df03ede3,5d19b0ab-3de3-4b90-b0cb-f57a7a263ae9,,warrington-and-halton,,
923a9b64-d5e6-4d33-8f30-21cf7fdca6bf,5d19b0ab-3de3-4b90-b0cb-f57a7a263ae9,,wirral,,
c0abe90d-4255-4464-a001-831382e52677,5d19b0ab-3de3-4b90-b0cb-f57a7a263ae9,,derby-city,,
8de93234-f3ff-425a-ab53-2695e2546fd2,5d19b0ab-3de3-4b90-b0cb-f57a7a263ae9,,derbyshire,,
079e6579-a3fd-479b-a5f5-de5366ce7c34,5d19b0ab-3de3-4b90-b0cb-f57a7a263ae9,,east-and-west-lincolnshire,,
732d6af5-6c43-46d1-a630-d2e3bf637a5a,5d19b0ab-3de3-4b90-b0cb-f57a7a263ae9,,leicester-leicestershire-and-rutland,,
4a38b809-af60-43e5-ab38-f0df8c1fbfcd,5d19b0ab-3de3-4b90-b0cb-f57a7a263ae9,,nottingham-city,,
d4316e70-ddda-4fe6-9c20-7c8de2598899,5d19b0ab-3de3-4b90-b0cb-f57a7a263ae9,,nottinghamshire,,
ff8d3386-0211-4bd0-b8c1-912ed1a2a781,5d19b0ab-3de3-4b90-b0cb-f57a7a263ae9,,east-kent,,
a60815c9-2c6d-48a4-8f9d-512c20373288,5d19b0ab-3de3-4b90-b0cb-f57a7a263ae9,,east-kent,,
47b418c4-b72a-42a1-ac8c-66d3da594fe1,5d19b0ab-3de3-4b90-b0cb-f57a7a263ae9,,east-kent,,
9d1b3008-83a1-40b5-9b1e-00bf8ebcb8b2,5d19b0ab-3de3-4b90-b0cb-f57a7a263ae9,,east-kent,,
55b67231-5731-4a84-aa19-90cf080616ad,5d19b0ab-3de3-4b90-b0cb-f57a7a263ae9,,east-kent,,
863d0a8e-a9b8-4a66-a70f-e132f2b3d076,5d19b0ab-3de3-4b90-b0cb-f57a7a263ae9,,surrey,,
9b59760e-c15e-42a7-8f61-c0ee5a44b02c,5d19b0ab-3de3-4b90-b0cb-f57a7a263ae9,,east-sussex,,
ab87f611-481d-4676-8583-92e33d8b8c0e,5d19b0ab-3de3-4b90-b0cb-f57a7a263ae9,,east-sussex,,
1fcfea8a-2469-43ba-b853-78938ccaea3c,5d19b0ab-3de3-4b90-b0cb-f57a7a263ae9,,west-sussex,,
db1d35be-60b8-4f5c-ae1e-2cc8ced24fa3,7ce8b4ef-1429-4fc9-a7fe-706aab4dde78,,bath-and-north-somerset,,
2fe86e49-cd75-477a-97a4-f37d77bb5e8a,7ce8b4ef-1429-4fc9-a7fe-706aab4dde78,,bristol-and-south-gloucestershire,,
ad01a10a-8756-4fcf-a37f-c149f55f0ad4,7ce8b4ef-1429-4fc9-a7fe-706aab4dde78,,cornwall-and-isles-of-scilly,,
341690f3-fb48-40c3-9bca-41a36a0de572,7ce8b4ef-1429-4fc9-a7fe-706aab4dde78,,devon-and-torbay,,
579640cb-53f3-4e62-9ba9-40920733e5bf,7ce8b4ef-1429-4fc9-a7fe-706aab4dde78,,dorset,,
8a07687c-8cd5-4342-af62-8f557038fe8f,7ce8b4ef-1429-4fc9-a7fe-706aab4dde78,,gloucestershire,,
4e2b848b-db91-4328-a2bd-f43dcd47c922,7ce8b4ef-1429-4fc9-a7fe-706aab4dde78,,plymouth,,
60302515-b654-4a25-a0f2-2f113d44a6e8,7ce8b4ef-1429-4fc9-a7fe-706aab4dde78,,somerset,,
b872b261-10c4-42c6-8de7-8e3289fea387,7ce8b4ef-1429-4fc9-a7fe-706aab4dde78,,swindon-and-wiltshire,,
5cb8808a-699a-4a1b-8a3d-65e8ff982506,7ce8b4ef-1429-4fc9-a7fe-706aab4dde78,,county-durham-and-darlington,,
18ddb926-573e-40c4-ae24-5fea8f9cd9d2,7ce8b4ef-1429-4fc9-a7fe-706aab4dde78,,gateshead-and-south-tyneside,,
87ab2331-dd42-43c0-85c7-65169620611a,7ce8b4ef-1429-4fc9-a7fe-706aab4dde78,,newcastle-upon-tyne,,
4bd71bbb-9fed-4f90-b98e-11a93ae14d57,7ce8b4ef-1429-4fc9-a7fe-706aab4dde78,,north-tyneside-and-northumberland,,
16178d7b-d1e1-43d0-8001-26de5a1a0276,7ce8b4ef-1429-4fc9-a7fe-706aab4dde78,,redcar-cleveland-and-middlesbrough,,
f63c55d4-c858-4df3-805f-61f7a28bf44a,7ce8b4ef-1429-4fc9-a7fe-706aab4dde78,,stockton-and-hartlepool,,
a9c73c0c-197c-4d51-97db-6b58e3654826,7ce8b4ef-1429-4fc9-a7fe-706aab4dde78,,sunderland,,
0e0469dc-c80a-49c0-8c50-042509a24a22,c5363bae-bd0c-45be-816f-01863cf6396d,,bedfordshire,,
563e5a86-d87a-4cae-8d6a-786992ff206c,c5363bae-bd0c-45be-816f-01863cf6396d,,cambridgeshire,,
7a86c482-15f2-4595-8b99-d5844e5a506c,c5363bae-bd0c-45be-816f-01863cf6396d,,essex-north,,
7562c4e4-7e4d-4178-b0b2-0777e9c82bd1,c5363bae-bd0c-45be-816f-01863cf6396d,,essex-south,,
4abbe94f-ec3b-4656-99c8-fa9ee7efa913,c5363bae-bd0c-45be-816f-01863cf6396d,,hertfordshire,,
89e50605-1cea-4873-ba92-c28a015d8beb,c5363bae-bd0c-45be-816f-01863cf6396d,,norfolk,,
c066c825-8b08-4f08-8b1d-ab193be963dc,c5363bae-bd0c-45be-816f-01863cf6396d,,northamptonshire,,
351f1945-617c-4225-aa32-4d9b11e61070,c5363bae-bd0c-45be-816f-01863cf6396d,,suffolk,,
3697cdb7-0e5e-434f-9134-4e669a1fe1eb,c5363bae-bd0c-45be-816f-01863cf6396d,,county-durham-and-darlington,,
ec54b48c-e305-4c1b-abdd-c09b88f00577,c5363bae-bd0c-45be-816f-01863cf6396d,,gateshead-and-south-tyneside,,
80c9a0b6-62a5-46e5-84e2-112821b26d1c,c5363bae-bd0c-45be-816f-01863cf6396d,,newcastle-upon-tyne,,
03fbb175-0a90-42e7-8da8-3ddcba3bec9c,c5363bae-bd0c-45be-816f-01863cf6396d,,north-tyneside-and-northumberland,,
9312dd1d-fbad-49f7-9739-94bb011bc35e,c5363bae-bd0c-45be-816f-01863cf6396d,,redcar-cleveland-and-middlesbrough,,
3a1832a3-57fb-4ec4-b665-ec162ceb233b,c5363bae-bd0c-45be-816f-01863cf6396d,,stockton-and-hartlepool,,
deb2bac7-5374-4457-846f-d9ca6eca591d,c5363bae-bd0c-45be-816f-01863cf6396d,,sunderland,,
4477b655-f6ec-45fc-a117-5afff05d008a,c5363bae-bd0c-45be-816f-01863cf6396d,,cardiff-and-the-vale,,
43919a82-6e9e-4a58-93bf-e99665ee91d6,c5363bae-bd0c-45be-816f-01863cf6396d,,cwm-taf-morgannwg,,
62bf79b6-d378-4974-824d-4eb81a9cf688,c5363bae-bd0c-45be-816f-01863cf6396d,,dyfed-powys,,
57f740d9-b8dc-46be-acda-a7190505f573,c5363bae-bd0c-45be-816f-01863cf6396d,,gwent,,
6ff321dc-a6e6-4e78-bf66-a702434749db,c5363bae-bd0c-45be-816f-01863cf6396d,,north-wales,,
28e7c5e9-013c-4e9c-b4ec-39a7273e570d,c5363bae-bd0c-45be-816f-01863cf6396d,,swansea-neath-and-port-talbot,,
56f7e3cd-eedf-4d50-b6f9-2be4259c52c7,27e06a72-1015-4784-85cb-f144e4292a90,,bedfordshire,,
245efc4d-acb6-487e-8712-437980d67bfe,27e06a72-1015-4784-85cb-f144e4292a90,,northamptonshire,,
682d158a-c051-420c-a88c-29919b42d89c,27e06a72-1015-4784-85cb-f144e4292a90,,cardiff-and-the-vale,,
6bc20877-6e33-428d-af20-902baed2875b,27e06a72-1015-4784-85cb-f144e4292a90,,cwm-taf-morgannwg,,
9f59c3fd-c460-4360-8db1-5838db30f716,27e06a72-1015-4784-85cb-f144e4292a90,,dyfed-powys,,
39fe3074-c2f6-4b41-8f62-151529a4fb67,27e06a72-1015-4784-85cb-f144e4292a90,,gwent,,
3ed19646-0adc-48be-ac15-408569d16628,27e06a72-1015-4784-85cb-f144e4292a90,,north-wales,,
cda35eac-cba7-4c5c-aa61-21378ecc1bbc,27e06a72-1015-4784-85cb-f144e4292a90,,swansea-neath-and-port-talbot,,
868b1ee3-1fd5-4a30-8980-22a77d6c3f2d,c5458e4a-02ee-4e2c-a927-5c96df19fb68,,bedfordshire,,
be4f0ed6-1728-4b34-a867-76a792a29a1e,c5458e4a-02ee-4e2c-a927-5c96df19fb68,,cambridgeshire,,
5de46f6a-ed85-4acb-8876-275084442807,c5458e4a-02ee-4e2c-a927-5c96df19fb68,,essex-north,,
511b20bf-af95-4134-962d-f612685e141e,c5458e4a-02ee-4e2c-a927-5c96df19fb68,,essex-south,,
7bb0650d-dbc5-46a4-a55a-13eeeb214c84,c5458e4a-02ee-4e2c-a927-5c96df19fb68,,hertfordshire,,
811d382b-1a8d-4316-b7f6-39abceb0d8a1,c5458e4a-02ee-4e2c-a927-5c96df19fb68,,norfolk,,
a5deba40-0b92-4eae-996c-676e71ccb890,c5458e4a-02ee-4e2c-a927-5c96df19fb68,,northamptonshire,,
6953ad35-f6c1-42bb-92d4-5db4249b4481,c5458e4a-02ee-4e2c-a927-5c96df19fb68,,suffolk,,
f5ef7a6a-9b8e-4a4a-892e-0b5374297261,74f348fd-d46b-4419-b5f6-13db825d5465,,bedfordshire,,
9e67eb41-c1cc-45d8-96d2-1ccaaa1bb96a,74f348fd-d46b-4419-b5f6-13db825d5465,,cambridgeshire,,
bbdc57e2-cff4-4083-96ed-14e27ef7e2ac,74f348fd-d46b-4419-b5f6-13db825d5465,,hertfordshire,,
31705600-8395-43fb-ab20-652980ffd20d,74f348fd-d46b-4419-b5f6-13db825d5465,,northamptonshire,,
8aff76f6-10bd-4ba6-a808-ee69b775ad0f,74f348fd-d46b-4419-b5f6-13db825d5465,,cardiff-and-the-vale,,
bf26a039-1148-4dec-ba09-efb5f116f6a6,74f348fd-d46b-4419-b5f6-13db825d5465,,cwm-taf-morgannwg,,
32d769e2-0336-4cbf-993b-b497b1b5cef9,74f348fd-d46b-4419-b5f6-13db825d5465,,dyfed-powys,,
a1bc9bb1-c61b-4378-aac7-49618cd5be29,74f348fd-d46b-4419-b5f6-13db825d5465,,gwent,,
edda5b2d-5160-408e-a736-fd8739efdedc,74f348fd-d46b-4419-b5f6-13db825d5465,,north-wales,,
53a77c0e-144b-4862-b604-e24af9d37ca5,74f348fd-d46b-4419-b5f6-13db825d5465,,swansea-neath-and-port-talbot,,
73b4c93a-4b63-4371-83a9-1e08558d8ff2,e06974e6-4d6c-4db0-bc75-da85671956a8,,bedfordshire,,
63fa73d9-f120-432a-9da0-71da3f937810,e06974e6-4d6c-4db0-bc75-da85671956a8,,cambridgeshire,,
96c11b93-e454-4230-b296-5626fa79fc75,e06974e6-4d6c-4db0-bc75-da85671956a8,,essex-north,,
e912ea7e-7ec3-440e-b76e-d27a5d3784e2,e06974e6-4d6c-4db0-bc75-da85671956a8,,essex-south,,
fa28288e-4229-4064-a869-67eac82a2d54,e06974e6-4d6c-4db0-bc75-da85671956a8,,hertfordshire,,
f59e20de-e6e4-4102-89e3-c03ca968e0fe,e06974e6-4d6c-4db0-bc75-da85671956a8,,norfolk,,
27b22214-d056-41ca-8c6c-43ba5d51647b,e06974e6-4d6c-4db0-bc75-da85671956a8,,northamptonshire,,
f9185e2a-7d06-4142-9292-1fd4476de1c6,e06974e6-4d6c-4db0-bc75-da85671956a8,,suffolk,,
7940bf72-1cb8-4950-b36e-f57dd62edffb,e06974e6-4d6c-4db0-bc75-da85671956a8,,county-durham-and-darlington,,
c678fc31-3aed-4ed8-bd72-1831a0536f51,e06974e6-4d6c-4db0-bc75-da85671956a8,,gateshead-and-south-tyneside,,
c47662f6-cc61-46a7-9355-0c4f2b3968c8,e06974e6-4d6c-4db0-bc75-da85671956a8,,newcastle-upon-tyne,,
0d30d70e-2a1d-468f-87f8-787fb4b5671e,e06974e6-4d6c-4db0-bc75-da85671956a8,,north-tyneside-and-northumberland,,
414d56df-0ca1-4fef-8d84-51a7edee093f,e06974e6-4d6c-4db0-bc75-da85671956a8,,redcar-cleveland-and-middlesbrough,,
774937d2-2f51-4ee0-850b-867328e87a7c,e06974e6-4d6c-4db0-bc75-da85671956a8,,stockton-and-hartlepool,,
4fc705e1-7018-494a-9af5-75a542953cf1,e06974e6-4d6c-4db0-bc75-da85671956a8,,sunderland,,
2391bab2-c809-4819-b906-1c89bea55db2,e06974e6-4d6c-4db0-bc75-da85671956a8,,cardiff-and-the-vale,,
e2f5bdac-89a6-447e-b042-2ccff8d45d26,e06974e6-4d6c-4db0-bc75-da85671956a8,,cwm-taf-morgannwg,,
330092c0-c1c2-4f1f-8935-29fefe579a7c,e06974e6-4d6c-4db0-bc75-da85671956a8,,dyfed-powys,,
f96b0dd6-c8e1-48ce-bf85-1b299951bc62,e06974e6-4d6c-4db0-bc75-da85671956a8,,gwent,,
ff8b0944-0173-4832-8a60-23d754cd3c1e,e06974e6-4d6c-4db0-bc75-da85671956a8,,north-wales,,
0dde9b84-237e-4c93-b64e-492625698904,e06974e6-4d6c-4db0-bc75-da85671956a8,,swansea-neath-and-port-talbot,,
22504bca-e579-4ffe-be0a-fbd526d77480,5d19b0ab-3de3-4b90-b0cb-f57a7a263ae9,,bolton,,
7edd2444-f444-49b4-9631-ec7a0332fd62,5d19b0ab-3de3-4b90-b0cb-f57a7a263ae9,,bury-and-rochdale,,
00b65e90-b7ee-4c5b-bb0e-d9d50975bd9a,5d19b0ab-3de3-4b90-b0cb-f57a7a263ae9,,manchester-north,,
def90711-433b-42b1-ba8c-1f73fc5002f2,5d19b0ab-3de3-4b90-b0cb-f57a7a263ae9,,manchester-south,,
4ab4e265-4317-4511-ba12-fa898a570c34,5d19b0ab-3de3-4b90-b0cb-f57a7a263ae9,,oldham,,
e7a9cdd2-86eb-4cd3-bca3-b8753e434392,5d19b0ab-3de3-4b90-b0cb-f57a7a263ae9,,salford,,
51f4704f-a9d9-4cfb-b82a-9cf812963616,5d19b0ab-3de3-4b90-b0cb-f57a7a263ae9,,stockport-and-trafford,,
0ab4786f-4cfa-4217-8e80-3339d1e67858,5d19b0ab-3de3-4b90-b0cb-f57a7a263ae9,,tameside,,
91e46b77-1e45-4030-b19d-23d9eb6ef66c,5d19b0ab-3de3-4b90-b0cb-f57a7a263ae9,,wigan,,
39625ef8-a5c2-4ab0-9651-a2ed010f1090,47b0048c-cab2-4509-a64a-29a4218712c9,Seetec Business Technology Centre Limited,central-lancashire,,
8595e9bf-2a0e-4e25-a1e2-21e881c733ff,47b0048c-cab2-4509-a64a-29a4218712c9,Seetec Business Technology Centre Limited,cheshire-east,,
0b7db65a-bf6d-4588-b00b-59237df916c5,47b0048c-cab2-4509-a64a-29a4218712c9,Seetec Business Technology Centre Limited,cheshire-west,,
72639a55-9277-445f-93b6-9f93010c5f01,47b0048c-cab2-4509-a64a-29a4218712c9,Seetec Business Technology Centre Limited,cumbria,,
2dc8bd06-4818-4d2c-8fdb-593cf02e01ba,47b0048c-cab2-4509-a64a-29a4218712c9,Seetec Business Technology Centre Limited,east-lancashire,,
b19c0078-0c1e-4581-9012-e3b88dd4d7ad,47b0048c-cab2-4509-a64a-29a4218712c9,Seetec Business Technology Centre Limited,knowsley-and-st-helens,,
9a4f39d0-6dbc-4f84-b234-5aa4ffb9fa79,47b0048c-cab2-4509-a64a-29a4218712c9,Seetec Business Technology Centre Limited,liverpool-north,,
4c8adbdb-4c8c-493f-823e-be185db5f096,47b0048c-cab2-4509-a64a-29a4218712c9,Seetec Business Technology Centre Limited,liverpool-south,,
d14dfb2e-aec5-4c14-8b49-554fd4156be6,47b0048c-cab2-4509-a64a-29a4218712c9,Seetec Business Technology Centre Limited,north-west-lancashire,,
3b492a43-a0fc-4875-aaa3-0eeea026429c,47b0048c-cab2-4509-a64a-29a4218712c9,Seetec Business Technology Centre Limited,sefton,,
526fa296-f5f4-4e5c-ba49-e2a7d5067d87,47b0048c-cab2-4509-a64a-29a4218712c9,Seetec Business Technology Centre Limited,warrington-and-halton,,
43260fbf-8c4f-4171-843f-36fa4e970387,47b0048c-cab2-4509-a64a-29a4218712c9,Seetec Business Technology Centre Limited,wirral,,
3ff877cd-5a7e-4587-8882-eb2b5ec1b61b,47b0048c-cab2-4509-a64a-29a4218712c9,St Giles Wise Group Partnership,north-yorkshire,,
31c87509-6297-41e2-9ca0-6f07dca2dc32,47b0048c-cab2-4509-a64a-29a4218712c9,The Forward Trust,cardiff-and-the-vale,,
e46aa9d7-7f3e-4e19-bf0f-208bcea67cc0,47b0048c-cab2-4509-a64a-29a4218712c9,The Forward Trust,cwm-taf-morgannwg,,
d2fef4f4-3aa6-4b23-a4ce-ad357b14d083,47b0048c-cab2-4509-a64a-29a4218712c9,The Forward Trust,swansea-neath-and-port-talbot,,
d58662a3-016d-4188-a301-9b0b4cd3d45e,47b0048c-cab2-4509-a64a-29a4218712c9,The Forward Trust,dyfed-powys,,
cd3dead3-104e-4ff6-a40b-a6f293ef2662,47b0048c-cab2-4509-a64a-29a4218712c9,Nacro,derby-city,,
8d727e1d-d2f4-4043-a177-c0e91e2c6cfa,47b0048c-cab2-4509-a64a-29a4218712c9,Nacro,east-and-west-lincolnshire,,
ae445f38-35a7-4f99-8802-bf7bc5787061,47b0048c-cab2-4509-a64a-29a4218712c9,Nacro,leicester-leicestershire-and-rutland,,
61280767-b381-41b1-b661-11dfdf9d5005,47b0048c-cab2-4509-a64a-29a4218712c9,Nacro,nottinghamshire,,
cbd1ee14-8fe8-4cc8-a7f8-79fb5c823185,47b0048c-cab2-4509-a64a-29a4218712c9,Seetec Business Technology Centre Limited,bedfordshire,,
5cd9dcba-ea7e-447f-85d6-d2df709ca1d8,47b0048c-cab2-4509-a64a-29a4218712c9,Seetec Business Technology Centre Limited,cambridgeshire,,
574fcb9c-3e1e-4801-951a-f919a9bdadd6,47b0048c-cab2-4509-a64a-29a4218712c9,Seetec Business Technology Centre Limited,essex-north,,
b817c170-ee79-420e-a262-6a69076e7845,47b0048c-cab2-4509-a64a-29a4218712c9,Seetec Business Technology Centre Limited,essex-south,,
0ab7a3e8-ce3c-4308-b5ac-561bce3c7024,47b0048c-cab2-4509-a64a-29a4218712c9,Seetec Business Technology Centre Limited,hertfordshire,,
d8455718-6a52-4271-b9dd-6da9712c354e,47b0048c-cab2-4509-a64a-29a4218712c9,Seetec Business Technology Centre Limited,norfolk,,
ea0778af-0bd8-4052-80d1-253311de7500,47b0048c-cab2-4509-a64a-29a4218712c9,Seetec Business Technology Centre Limited,northamptonshire,,
aae3a844-d51a-496c-8f19-a515f8be095c,47b0048c-cab2-4509-a64a-29a4218712c9,Seetec Business Technology Centre Limited,suffolk,,
cdc6b1df-6024-4f01-bc6d-b9dc473f6e70,47b0048c-cab2-4509-a64a-29a4218712c9,The Forward Trust,gwent,,
005631eb-96f0-437f-936b-d5187b89a34e,47b0048c-cab2-4509-a64a-29a4218712c9,Seetec Business Technology Centre Limited,east-kent,,
25afe061-240f-4c91-87d4-16f0b27cb5aa,47b0048c-cab2-4509-a64a-29a4218712c9,Seetec Business Technology Centre Limited,east-sussex,,
e7daadcf-cb90-4cfb-96a2-8ecf28abffad,47b0048c-cab2-4509-a64a-29a4218712c9,Seetec Business Technology Centre Limited,surrey,,
e6850928-ec91-4b99-9318-917fa9336dd0,47b0048c-cab2-4509-a64a-29a4218712c9,Seetec Business Technology Centre Limited,west-kent,,
ec9d7d4e-eb44-4670-80d1-431fe1ec033e,47b0048c-cab2-4509-a64a-29a4218712c9,Seetec Business Technology Centre Limited,west-sussex,,
12fc56ca-b689-4ff6-b332-749784fca29f,47b0048c-cab2-4509-a64a-29a4218712c9,Thirteen Housing Group,county-durham-and-darlington,,
b4cbb275-51d3-4c7b-b254-158c213f39ba,47b0048c-cab2-4509-a64a-29a4218712c9,Thirteen Housing Group,gateshead-and-south-tyneside,,
0bf14cdf-a0a7-4df8-9f30-b6e87f93b2ac,47b0048c-cab2-4509-a64a-29a4218712c9,Thirteen Housing Group,newcastle-upon-tyne,,
92c304ad-e5d7-434a-878d-73a0d78705ae,47b0048c-cab2-4509-a64a-29a4218712c9,Thirteen Housing Group,redcar-cleveland-and-middlesbrough,,
d922027a-3e76-44ce-ae7d-879ea897db87,47b0048c-cab2-4509-a64a-29a4218712c9,Thirteen Housing Group,stockton-and-hartlepool,,
7801e2ab-f26f-4e85-a812-55eb901d50fc,47b0048c-cab2-4509-a64a-29a4218712c9,Thirteen Housing Group,sunderland,,
d64d6443-3cf9-4b16-a257-5d062a70a82f,47b0048c-cab2-4509-a64a-29a4218712c9,Seetec Business Technology Centre Limited,bath-and-north-somerset,,
71d8f542-fea5-44f4-aa0f-6248c18380f4,47b0048c-cab2-4509-a64a-29a4218712c9,Seetec Business Technology Centre Limited,bristol-and-south-gloucestershire,,
0afaca00-250b-41cd-b892-6ec775a4fd08,47b0048c-cab2-4509-a64a-29a4218712c9,Seetec Business Technology Centre Limited,cornwall-and-isles-of-scilly,,
e744c603-5240-46a0-a4e1-d23a05607625,47b0048c-cab2-4509-a64a-29a4218712c9,Seetec Business Technology Centre Limited,devon-and-torbay,,
3ec0ed8f-8bf4-4999-a4cc-22e3e94c4379,47b0048c-cab2-4509-a64a-29a4218712c9,Seetec Business Technology Centre Limited,dorset,,
a5da84f4-3071-4fe6-8041-3ac8336366b5,47b0048c-cab2-4509-a64a-29a4218712c9,Seetec Business Technology Centre Limited,gloucestershire,,
bb2c9580-d0af-4868-b33b-b7c0b2e62fcb,47b0048c-cab2-4509-a64a-29a4218712c9,Seetec Business Technology Centre Limited,plymouth,,
98c52924-af78-4b29-884c-ac2d6954b474,47b0048c-cab2-4509-a64a-29a4218712c9,Seetec Business Technology Centre Limited,somerset,,
a169d39a-b4cf-44af-a7e7-cb58fbb0141e,47b0048c-cab2-4509-a64a-29a4218712c9,Seetec Business Technology Centre Limited,swindon-and-wiltshire,,
d0675f92-06a5-48d5-bbb8-2ffdc82e6498,47b0048c-cab2-4509-a64a-29a4218712c9,Nacro,birmingham-central-and-south,,
d5f6e86d-692c-43d0-8d3a-f2d97c2d558e,47b0048c-cab2-4509-a64a-29a4218712c9,Nacro,birmingham-north-east-and-solihull,,
e5508dfa-d9f7-4c38-9a17-34d1f6c2bb4d,47b0048c-cab2-4509-a64a-29a4218712c9,Nacro,coventry,,
311a6473-5b93-473d-a003-7706484a62f8,47b0048c-cab2-4509-a64a-29a4218712c9,Nacro,dudley-and-sandwell,,
7e838d44-8de9-4db4-af35-59701cf2b090,47b0048c-cab2-4509-a64a-29a4218712c9,Nacro,herefordshire-shropshire-and-telford,,
55a69cc5-04e8-4dfa-9a2f-50c95386210e,47b0048c-cab2-4509-a64a-29a4218712c9,Nacro,staffordshire-and-stoke,,
8ccd836d-3f65-42c9-9426-d5fbc3e5a858,47b0048c-cab2-4509-a64a-29a4218712c9,Nacro,walsall-and-wolverhampton,,
ba4a8b61-68c3-4bf9-aa33-16e24ee6b67f,47b0048c-cab2-4509-a64a-29a4218712c9,St Mungos,barking-dagenham-and-havering,,
7cc02de7-ee69-4a97-a43a-08d13f39e0c2,47b0048c-cab2-4509-a64a-29a4218712c9,St Mungos,brent,,
1764f353-813c-4107-92d5-23b0c1b47faa,47b0048c-cab2-4509-a64a-29a4218712c9,St Mungos,camden-and-islington,,
5082d591-d10d-453d-a5fd-67c654866eb1,47b0048c-cab2-4509-a64a-29a4218712c9,St Mungos,croydon,,
e9c86b9c-0f3e-4ffc-8d84-20cef1e4d6c5,47b0048c-cab2-4509-a64a-29a4218712c9,St Mungos,ealing-and-hillingdon,,
c0e359de-3e91-4ec8-a956-94cd7f537ae5,47b0048c-cab2-4509-a64a-29a4218712c9,St Mungos,enfield-and-haringey,,
664b579a-a449-49de-9e7f-f4aeca82ba08,47b0048c-cab2-4509-a64a-29a4218712c9,St Mungos,greenwich-and-bexley,,
0e5f8802-b48a-45a8-959e-0191174340b3,47b0048c-cab2-4509-a64a-29a4218712c9,St Mungos,hammersmith-fulham-kensington-chelsea-and-westminster,,
9dfca3a9-31e4-45ef-9160-04a68b38d1b3,47b0048c-cab2-4509-a64a-29a4218712c9,St Mungos,harrow-and-barnet,,
13531b4b-ea0a-44a7-903f-e6eec0a06f3a,47b0048c-cab2-4509-a64a-29a4218712c9,St Mungos,kingston-richmond-and-hounslow,,
e3544af5-ee91-4945-853f-6ab50eb36471,47b0048c-cab2-4509-a64a-29a4218712c9,St Mungos,lambeth,,
8337a7e3-b8be-45fe-9381-f60d684c3313,47b0048c-cab2-4509-a64a-29a4218712c9,St Mungos,lewisham-and-bromley,,
13d7462d-0982-4b2c-b03b-047b22e657b0,47b0048c-cab2-4509-a64a-29a4218712c9,St Mungos,newham,,
0ad12000-7e53-4e1a-b59c-64b47b3ff821,47b0048c-cab2-4509-a64a-29a4218712c9,St Mungos,redbridge-and-waltham-forest,,
bb4701da-ca50-4c06-933e-615c68c474b0,47b0048c-cab2-4509-a64a-29a4218712c9,St Mungos,southwark,,
8d820e2b-cdb7-4073-913f-16a3bef41b1d,47b0048c-cab2-4509-a64a-29a4218712c9,St Mungos,tower-hamlets,,
8fa32188-49f5-42e4-bc44-9db104d1c444,47b0048c-cab2-4509-a64a-29a4218712c9,St Mungos,wandsworth-merton-and-sutton,,
1b077fe8-4611-4edd-8138-0a3f2c0742d5,47b0048c-cab2-4509-a64a-29a4218712c9,Nacro,north-wales,,
a91fb4e5-3b3b-4cc5-8c14-8472330ab70e,47b0048c-cab2-4509-a64a-29a4218712c9,Ingeus UK Limited,buckinghamshire-and-milton-keynes,,
de86807a-f299-44e3-aba3-6f0c8d5f50bd,47b0048c-cab2-4509-a64a-29a4218712c9,Ingeus UK Limited,east-berkshire,,
ad5042fa-82ec-48b9-b85f-971a87ace102,47b0048c-cab2-4509-a64a-29a4218712c9,Ingeus UK Limited,hampshire-north-and-east,,
b15e2462-1784-47ba-953e-dabff74b6390,47b0048c-cab2-4509-a64a-29a4218712c9,Ingeus UK Limited,oxfordshire,,
079ddc77-a791-40eb-8e1b-6f65f81a499f,47b0048c-cab2-4509-a64a-29a4218712c9,Ingeus UK Limited,portsmouth-and-isle-of-wight,,
8661e5cf-8da0-4446-bee1-e6ff49861ca7,47b0048c-cab2-4509-a64a-29a4218712c9,Ingeus UK Limited,southampton-eastleigh-and-new-forest,,
9d99c031-2993-445f-88c9-8a34157c6969,47b0048c-cab2-4509-a64a-29a4218712c9,Ingeus UK Limited,west-berkshire,,
e0f24f01-bf86-413c-abf0-9158308cd498,8e270494-e630-4b52-8733-40e1129f392d,Bolton Community Advice,bolton,,
7c970cdd-16ad-4ea4-a913-28fa115e0d7e,8e270494-e630-4b52-8733-40e1129f392d,Stepping Stone,bury-and-rochdale,,
b3fd9c74-271f-4e35-85d0-d2abc319bdcc,8e270494-e630-4b52-8733-40e1129f392d,Back on Track,manchester-south,,
9837c70a-de9f-41fc-ae6e-c6da8294e9d8,8e270494-e630-4b52-8733-40e1129f392d,Positive Steps,oldham,,
69387214-fb57-4877-ab51-260e7521a7f1,8e270494-e630-4b52-8733-40e1129f392d,Rochdale Connections Trust,bury-and-rochdale,,
cf54f7f1-9ca8-4a26-abe2-e04a11d44245,8e270494-e630-4b52-8733-40e1129f392d,Salford Foundation,salford,,
f03e9109-a094-42b2-a586-4f4b1f96085a,8e270494-e630-4b52-8733-40e1129f392d,Foundation 92,stockport-and-trafford,,
1186d0a4-5195-4e82-a0ca-418b1da5d220,8e270494-e630-4b52-8733-40e1129f392d,Big Life,tameside,,
f5c951ed-0151-4ea3-a390-27b6aae75584,8e270494-e630-4b52-8733-40e1129f392d,Out There,stockport-and-trafford,,
d1ffcdec-17ed-4418-b669-96311dcb8537,8e270494-e630-4b52-8733-40e1129f392d,Big Life,wigan,,
2a9cee57-b234-4785-b326-c152e135acdb,8e270494-e630-4b52-8733-40e1129f392d,Bolton Community Advice,bolton,,
8f7a627c-07fa-4228-a916-c18ce98f1fd6,8e270494-e630-4b52-8733-40e1129f392d,Stepping Stone,bury-and-rochdale,,
cccbd66d-303b-4a6d-9f2f-b75079cffbc7,8e270494-e630-4b52-8733-40e1129f392d,Back on Track,manchester-north,,
42ce9b96-215a-4b54-9b39-2ce0a5e114b1,8e270494-e630-4b52-8733-40e1129f392d,Back on Track,manchester-south,,
c7927edc-d899-4560-91f7-3a582782315a,8e270494-e630-4b52-8733-40e1129f392d,Positive Steps,oldham,,
b6ba7b78-983b-4132-a32c-ead56dfe1ce1,8e270494-e630-4b52-8733-40e1129f392d,Rochdale Connections Trust,bury-and-rochdale,,
f2d55363-12c3-4401-8eda-ba20933ccfd9,8e270494-e630-4b52-8733-40e1129f392d,Salford Foundation,salford,,
0c94ba5d-229e-4ec8-8d36-fc1446fcb355,8e270494-e630-4b52-8733-40e1129f392d,Foundation 92,stockport-and-trafford,,
3d90e1b4-8987-43af-a63d-b8a7b896fdb7,8e270494-e630-4b52-8733-40e1129f392d,Big Life,tameside,,
32bfde27-a81a-41e0-85fc-a062fe958f2d,8e270494-e630-4b52-8733-40e1129f392d,Out There,stockport-and-trafford,,
f8390359-9df8-4f6a-8742-5791e488adc5,8e270494-e630-4b52-8733-40e1129f392d,Big Life,wigan,,
4859a31e-3698-401e-9ce1-11d739821347,a709ccfb-744a-4185-8d04-6416db13bbba,Community Led Initiatives,bolton,,
ab1e51d7-51ac-4e55-ba0f-f0dc90ba9a10,a709ccfb-744a-4185-8d04-6416db13bbba,Community Led Initiatives,bury-and-rochdale,,
2ed8d46d-e6d6-4060-9b32-382ce36d29b1,a709ccfb-744a-4185-8d04-6416db13bbba,Community Led Initiatives,manchester-north,,
b71b9b6f-b3b7-4310-8e53-22fe59e14bbd,a709ccfb-744a-4185-8d04-6416db13bbba,Community Led Initiatives,manchester-south,,
a799b2db-6292-4912-b771-31cea04ebfbb,a709ccfb-744a-4185-8d04-6416db13bbba,Community Led Initiatives,oldham,,
79104644-9d2a-4601-8ed1-e856d51545d6,a709ccfb-744a-4185-8d04-6416db13bbba,Community Led Initiatives,salford,,
23390658-92e9-4245-acdf-33c615f7aa14,a709ccfb-744a-4185-8d04-6416db13bbba,Community Led Initiatives,stockport-and-trafford,,
56d510e5-2ef3-4c55-bd19-779c3c70917e,a709ccfb-744a-4185-8d04-6416db13bbba,Community Led Initiatives,tameside,,
a5e094d3-d5db-45ce-857c-0c35766f54ea,a709ccfb-744a-4185-8d04-6416db13bbba,Community Led Initiatives,wigan,,
285675c3-0d65-4c57-b19e-de58adf7b9e5,c5d53fbd-b7e3-40bd-9096-6720a01a53bf,Ingeus UK Limited,redcar-cleveland-and-middlesbrough,,
87c2b932-2ac0-490e-a5e4-4b558ae4792f,c5d53fbd-b7e3-40bd-9096-6720a01a53bf,Ingeus UK Limited,stockton-and-hartlepool,,
ee466e8d-25b8-455e-b587-da0cb54d7f4c,c5d53fbd-b7e3-40bd-9096-6720a01a53bf,Ingeus UK Limited,county-durham-and-darlington,,
991aba2a-8c50-4c5d-ad73-e52077294209,c5d53fbd-b7e3-40bd-9096-6720a01a53bf,Ingeus UK Limited,gateshead-and-south-tyneside,,
ca2ccdc5-9253-4746-adbd-aa827c7ba2eb,c5d53fbd-b7e3-40bd-9096-6720a01a53bf,Ingeus UK Limited,newcastle-upon-tyne,,
6123400a-7452-44bd-91db-836a5bf3c51c,c5d53fbd-b7e3-40bd-9096-6720a01a53bf,Ingeus UK Limited,sunderland,,
db1d93e3-9d69-49b7-b294-c49284374e97,c5d53fbd-b7e3-40bd-9096-6720a01a53bf,Change Grow Live (CGL) Services Ltd,barnsley-and-rotherham,,
b118a08c-35ce-443e-b65d-1e93022e0068,c5d53fbd-b7e3-40bd-9096-6720a01a53bf,Change Grow Live (CGL) Services Ltd,doncaster,,
80bb6d2a-5c92-425a-be40-815d74637578,c5d53fbd-b7e3-40bd-9096-6720a01a53bf,Change Grow Live (CGL) Services Ltd,sheffield,,
11420bbe-dfc1-4b23-b120-84aba26e5ee6,c5d53fbd-b7e3-40bd-9096-6720a01a53bf,Gtr Manchester Mental Health NHS Foundation Trust - Achieve Recovery Services,bolton,,
a46fa287-7997-4d42-b199-3cd9bf53da67,c5d53fbd-b7e3-40bd-9096-6720a01a53bf,Gtr Manchester Mental Health NHS Foundation Trust - Achieve Recovery Services,bury-and-rochdale,,
7ad50b73-9b38-4d64-afbe-1a3e83d11677,c5d53fbd-b7e3-40bd-9096-6720a01a53bf,Gtr Manchester Mental Health NHS Foundation Trust - Achieve Recovery Services,salford,,
4e314598-ef4a-4fcf-bbb1-6ea00b4bc17d,c5d53fbd-b7e3-40bd-9096-6720a01a53bf,Gtr Manchester Mental Health NHS Foundation Trust - Achieve Recovery Services,stockport-and-trafford,,
8c75574c-b660-454e-b214-67fb3e12312f,c5d53fbd-b7e3-40bd-9096-6720a01a53bf,Change Grow Live (CGL) Services Ltd,manchester-north,,
84185392-39da-4691-9300-139afc764e78,c5d53fbd-b7e3-40bd-9096-6720a01a53bf,Change Grow Live (CGL) Services Ltd,manchester-south,,
a4c4f37b-db50-40b7-9291-b49c7d50e445,c5d53fbd-b7e3-40bd-9096-6720a01a53bf,Change Grow Live (CGL) Services Ltd,tameside,,
1593eee5-36f5-4d32-8462-fe57216057e5,c5d53fbd-b7e3-40bd-9096-6720a01a53bf,ROAR Turning Point,bury-and-rochdale,,
b7f4d129-0bd2-4887-bd1d-a14efb6801df,c5d53fbd-b7e3-40bd-9096-6720a01a53bf,ROAR Turning Point,oldham,,
2e59acbd-2cec-41a0-80ad-1fe4ea37cc47,c5d53fbd-b7e3-40bd-9096-6720a01a53bf,Pennine Care NHS Foundation Trust - Pathfinder,stockport-and-trafford,,
399b0359-977d-45b4-bd4a-7a6b23658423,c5d53fbd-b7e3-40bd-9096-6720a01a53bf,With You - Wigan and Leigh,wigan,,
1201aee0-149f-4cfc-bbec-df057b892dd9,c5d53fbd-b7e3-40bd-9096-6720a01a53bf,We Are With You,cornwall-and-isles-of-scilly,,
90aea1e3-470c-4ff9-ba6d-45abf309c68f,c5d53fbd-b7e3-40bd-9096-6720a01a53bf,The Forward Trust,hull-and-east-riding,,
2eb40707-71fe-4a40-9a4f-308cfe593d2b,c5d53fbd-b7e3-40bd-9096-6720a01a53bf,The Forward Trust,north-and-north-east-lincolnshire,,
605c1866-6daa-4941-97f2-56227e8f8a4e,c5d53fbd-b7e3-40bd-9096-6720a01a53bf,Change Grow Live (CGL) Services Ltd,east-kent,,
2e4abfdf-6954-4ed4-acbd-0689d89cd868,c5d53fbd-b7e3-40bd-9096-6720a01a53bf,Change Grow Live (CGL) Services Ltd,east-sussex,,
f777f06c-60ed-4891-bbf5-776e24124234,c5d53fbd-b7e3-40bd-9096-6720a01a53bf,Change Grow Live (CGL) Services Ltd,surrey,,
bcf5358d-59a8-4b13-b73f-d26d0bc4e91a,c5d53fbd-b7e3-40bd-9096-6720a01a53bf,Change Grow Live (CGL) Services Ltd,west-kent,,
6e331c27-65e6-417d-9780-adf4d6ecfa3d,c5d53fbd-b7e3-40bd-9096-6720a01a53bf,Change Grow Live (CGL) Services Ltd,west-sussex,,
dbcae881-0800-4813-9974-6be50f3a18a5,c5d53fbd-b7e3-40bd-9096-6720a01a53bf,The Forward Trust,barking-dagenham-and-havering,,
89ad7c1b-d783-47b7-a5a1-d10ecfa4402c,c5d53fbd-b7e3-40bd-9096-6720a01a53bf,The Forward Trust,brent,,
a24ff4b3-7425-4281-9705-83017584b002,c5d53fbd-b7e3-40bd-9096-6720a01a53bf,The Forward Trust,camden-and-islington,,
19fa38d6-0c14-468a-b403-626a7035895d,c5d53fbd-b7e3-40bd-9096-6720a01a53bf,The Forward Trust,croydon,,
fef86835-93f7-471a-83e6-1113cc3891f6,c5d53fbd-b7e3-40bd-9096-6720a01a53bf,The Forward Trust,ealing-and-hillingdon,,
b52479d5-d702-45e4-8b74-41669fa77696,c5d53fbd-b7e3-40bd-9096-6720a01a53bf,The Forward Trust,enfield-and-haringey,,
e55bd9ab-3e54-4727-95c8-7f0d5b2d0e90,c5d53fbd-b7e3-40bd-9096-6720a01a53bf,The Forward Trust,greenwich-and-bexley,,
29bea5b2-c443-438e-8250-935648628683,c5d53fbd-b7e3-40bd-9096-6720a01a53bf,The Forward Trust,hammersmith-fulham-kensington-chelsea-and-westminster,,
f6d84445-54df-4843-b7cc-bf1c57caf109,c5d53fbd-b7e3-40bd-9096-6720a01a53bf,The Forward Trust,harrow-and-barnet,,
85f5907b-f5ef-48c3-a2c0-cee82ede7229,c5d53fbd-b7e3-40bd-9096-6720a01a53bf,The Forward Trust,kingston-richmond-and-hounslow,,
74efbda3-aa29-48b2-b0e3-b1d0f971243c,c5d53fbd-b7e3-40bd-9096-6720a01a53bf,The Forward Trust,lambeth,,
f10b5e43-6f5f-44d8-866b-9c5c51ec0ae4,c5d53fbd-b7e3-40bd-9096-6720a01a53bf,The Forward Trust,lewisham-and-bromley,,
94ddb72b-2428-4577-bc71-d5cb53ad005c,c5d53fbd-b7e3-40bd-9096-6720a01a53bf,The Forward Trust,newham,,
7181aebc-4bb0-4c38-be49-f6a72825f2f7,c5d53fbd-b7e3-40bd-9096-6720a01a53bf,The Forward Trust,redbridge-and-waltham-forest,,
e3c5d5f4-20f1-4c64-9b3e-a8d5303fc1c0,c5d53fbd-b7e3-40bd-9096-6720a01a53bf,The Forward Trust,southwark,,
96dec843-1406-45d8-8887-80be1d41ba52,c5d53fbd-b7e3-40bd-9096-6720a01a53bf,The Forward Trust,tower-hamlets,,
7ad55ecd-4797-4b70-ba9c-f0645a8588fa,c5d53fbd-b7e3-40bd-9096-6720a01a53bf,The Forward Trust,wandsworth-merton-and-sutton,,
6ff2fa2a-df9b-4fd3-b4bd-8b0cfe93be60,c5d53fbd-b7e3-40bd-9096-6720a01a53bf,Ingeus UK Limited,north-yorkshire,,
38881980-f1d7-4091-9753-a6deb28aeba8,c5d53fbd-b7e3-40bd-9096-6720a01a53bf,Change Grow Live (CGL) Services Ltd,birmingham-central-and-south,,
d76db6cf-86ea-4abf-8f10-7c195132e817,c5d53fbd-b7e3-40bd-9096-6720a01a53bf,Change Grow Live (CGL) Services Ltd,birmingham-north-east-and-solihull,,
089842a4-253a-4b3b-a2cc-d5338ad44fcc,c5d53fbd-b7e3-40bd-9096-6720a01a53bf,Change Grow Live (CGL) Services Ltd,coventry,,
29ba9ac4-613c-43ce-a31f-cf356af76927,c5d53fbd-b7e3-40bd-9096-6720a01a53bf,Change Grow Live (CGL) Services Ltd,dudley-and-sandwell,,
b6a83a79-c15e-430b-92f9-c3cf4443c629,c5d53fbd-b7e3-40bd-9096-6720a01a53bf,Change Grow Live (CGL) Services Ltd,herefordshire-shropshire-and-telford,,
acc455d0-50b8-40f2-bc9c-1a9a1b2b70a7,c5d53fbd-b7e3-40bd-9096-6720a01a53bf,Change Grow Live (CGL) Services Ltd,staffordshire-and-stoke,,
cd6ed2e2-e2d2-4dd9-9de8-d6818643472a,c5d53fbd-b7e3-40bd-9096-6720a01a53bf,Change Grow Live (CGL) Services Ltd,walsall-and-wolverhampton,,
1655cbb5-5911-4020-9507-773554cd5d08,c5d53fbd-b7e3-40bd-9096-6720a01a53bf,Change Grow Live (CGL) Services Ltd,warwickshire,,
6f78b029-f95a-462e-b63c-c775e22039c0,c5d53fbd-b7e3-40bd-9096-6720a01a53bf,Change Grow Live (CGL) Services Ltd,worcestershire,,
67247a68-a61a-4393-9f8f-b66c4a7083e2,c5d53fbd-b7e3-40bd-9096-6720a01a53bf,Ingeus UK Limited,bradford-and-calderdale,,
732a0206-3a6f-43dd-8904-e48761593220,c5d53fbd-b7e3-40bd-9096-6720a01a53bf,Ingeus UK Limited,wakefield,,
6cf24be4-e029-4c08-adce-8765ae397667,1e2370d7-be74-4faf-b973-68d258fea015,The Growth Company Ltd,doncaster,,
25806804-19b9-44f1-a5b2-aeaf05cfffbe,1e2370d7-be74-4faf-b973-68d258fea015,The Growth Company Ltd,hull-and-east-riding,,
e97334ff-2691-4c03-a3d7-9aad1026b4ea,1e2370d7-be74-4faf-b973-68d258fea015,The Growth Company Ltd,leeds,,
b68e51b1-03f4-42cd-83d5-68c7f1c52661,1e2370d7-be74-4faf-b973-68d258fea015,St Giles Wise Ltd,cardiff-and-the-vale,,
3242abed-331c-438e-9014-52146f01a4dd,1e2370d7-be74-4faf-b973-68d258fea015,St Giles Wise Ltd,cwm-taf-morgannwg,,
d90c5f16-069e-4602-8474-f9d3707efb6e,1e2370d7-be74-4faf-b973-68d258fea015,St Giles Wise Ltd,dyfed-powys,,
5a48a62b-e389-4a2c-85c1-6bf623db0ba8,1e2370d7-be74-4faf-b973-68d258fea015,St Giles Wise Ltd,gwent,,
0132690c-2cbe-42d0-8061-fec334df108d,1e2370d7-be74-4faf-b973-68d258fea015,St Giles Wise Ltd,north-wales,,
74cd7ea3-a2fe-45d8-b323-c7a60bd74035,1e2370d7-be74-4faf-b973-68d258fea015,St Giles Wise Ltd,swansea-neath-and-port-talbot,,
9b930f63-e8cd-4aeb-a110-672b85fc3088,1e2370d7-be74-4faf-b973-68d258fea015,Ingeus UK Limited,bath-and-north-somerset,,
1fcf9585-95c1-48e0-b651-ec807a12e07d,1e2370d7-be74-4faf-b973-68d258fea015,Ingeus UK Limited,bristol-and-south-gloucestershire,,
13cb08e3-d7c3-40de-9ebf-1e2416288c39,1e2370d7-be74-4faf-b973-68d258fea015,Ingeus UK Limited,gloucestershire,,
be5d3647-9fc5-493f-9d83-0767a5934de2,1e2370d7-be74-4faf-b973-68d258fea015,Ingeus UK Limited,somerset,,
89cc881a-bb00-4c4d-800f-6cb44cf65675,1e2370d7-be74-4faf-b973-68d258fea015,Ingeus UK Limited,cornwall-and-isles-of-scilly,,
95a5f7a7-313d-4b7b-8c73-d67ce5f1b65c,1e2370d7-be74-4faf-b973-68d258fea015,Ingeus UK Limited,devon-and-torbay,,
f5c6e1f3-9e18-41cd-92e0-09c670c956ba,1e2370d7-be74-4faf-b973-68d258fea015,Ingeus UK Limited,plymouth,,
22a1c766-0821-410b-aaab-ff9218f80c0a,1e2370d7-be74-4faf-b973-68d258fea015,Ingeus UK Limited,dorset,,
2c9d0fd2-0091-47e5-affe-af0c13d97f03,1e2370d7-be74-4faf-b973-68d258fea015,Ingeus UK Limited,swindon-and-wiltshire,,
058517af-cca7-4588-afd2-dbd02f5f9621,1e2370d7-be74-4faf-b973-68d258fea015,St Giles Wise Ltd,central-lancashire,,
84a36a93-e628-4773-adac-93a08328be97,1e2370d7-be74-4faf-b973-68d258fea015,St Giles Wise Ltd,cheshire-east,,
c64058f7-948b-4290-aef6-695e906108b1,1e2370d7-be74-4faf-b973-68d258fea015,St Giles Wise Ltd,cheshire-west,,
4e14841c-8c6c-4cc1-a54d-130b88b12698,1e2370d7-be74-4faf-b973-68d258fea015,St Giles Wise Ltd,cumbria,,
6dd6911f-98dc-4397-92dc-aa56d47287d5,1e2370d7-be74-4faf-b973-68d258fea015,St Giles Wise Ltd,east-lancashire,,
4f3592a4-80d0-440b-8e81-a4a71609f8c7,1e2370d7-be74-4faf-b973-68d258fea015,St Giles Wise Ltd,knowsley-and-st-helens,,
612e3531-3fde-4aa2-8fdf-0f69c60920c7,1e2370d7-be74-4faf-b973-68d258fea015,St Giles Wise Ltd,liverpool-north,,
f887e788-2f3c-4ac6-abec-6bb8ec6eeb4a,1e2370d7-be74-4faf-b973-68d258fea015,St Giles Wise Ltd,north-west-lancashire,,
43a0f7dd-aa4d-4105-a7a2-66bce8cb6dac,1e2370d7-be74-4faf-b973-68d258fea015,St Giles Wise Ltd,sefton,,
af5605c1-de69-4c7b-b28f-476fe0ca4ff7,1e2370d7-be74-4faf-b973-68d258fea015,St Giles Wise Ltd,warrington-and-halton,,
1c789ed8-25b2-417d-a922-af365c6cd179,1e2370d7-be74-4faf-b973-68d258fea015,St Giles Wise Ltd,wirral,,
09d6203a-2ccd-49de-b2cf-2643e6d7de0e,1e2370d7-be74-4faf-b973-68d258fea015,Ingeus UK Limited,hampshire-north-and-east,,
c03e1065-e444-4895-aeb4-e7486ab14eac,1e2370d7-be74-4faf-b973-68d258fea015,Ingeus UK Limited,portsmouth-and-isle-of-wight,,
752eaeba-2f6f-4d4f-8821-054d83f436a4,1e2370d7-be74-4faf-b973-68d258fea015,Ingeus UK Limited,southampton-eastleigh-and-new-forest,,
43359905-1899-4ec7-8af1-1deca7d7447c,1e2370d7-be74-4faf-b973-68d258fea015,Catch22 Charity Limited,barking-dagenham-and-havering,,
7e635ee9-125e-43f6-9aca-02fbc008bb40,1e2370d7-be74-4faf-b973-68d258fea015,Catch22 Charity Limited,brent,,
7e581443-6ddc-465a-8d3c-e8d26132905b,1e2370d7-be74-4faf-b973-68d258fea015,Catch22 Charity Limited,camden-and-islington,,
17371856-22aa-4f26-a20d-57aac40e6fe0,1e2370d7-be74-4faf-b973-68d258fea015,Catch22 Charity Limited,croydon,,
92478198-4af5-48dd-967b-cf67c505eccb,1e2370d7-be74-4faf-b973-68d258fea015,Catch22 Charity Limited,ealing-and-hillingdon,,
48bfe5fd-7049-4118-988d-4b723c81dfe4,1e2370d7-be74-4faf-b973-68d258fea015,Catch22 Charity Limited,enfield-and-haringey,,
1323aefa-8185-42f1-a1de-166031795d27,1e2370d7-be74-4faf-b973-68d258fea015,Catch22 Charity Limited,greenwich-and-bexley,,
b4a9e97e-9b3c-4b5d-a20d-1e4ae0725c0f,1e2370d7-be74-4faf-b973-68d258fea015,Catch22 Charity Limited,hammersmith-fulham-kensington-chelsea-and-westminster,,
4846a35d-4983-4361-85ec-c49474704434,1e2370d7-be74-4faf-b973-68d258fea015,Catch22 Charity Limited,harrow-and-barnet,,
b8d12ab4-61ea-4283-ab59-d9c92fe5a9ff,1e2370d7-be74-4faf-b973-68d258fea015,Catch22 Charity Limited,kingston-richmond-and-hounslow,,
83b98b1b-f995-4dca-813c-c896ae68a243,1e2370d7-be74-4faf-b973-68d258fea015,Catch22 Charity Limited,lambeth,,
3f145d4e-7212-4d88-9d6a-3b3224230da9,1e2370d7-be74-4faf-b973-68d258fea015,Catch22 Charity Limited,lewisham-and-bromley,,
44b06605-ac30-45ee-96ab-cadfc7e2ef59,1e2370d7-be74-4faf-b973-68d258fea015,Catch22 Charity Limited,newham,,
a7be3473-3f42-40a2-b1eb-e94fe8379b34,1e2370d7-be74-4faf-b973-68d258fea015,Catch22 Charity Limited,redbridge-and-waltham-forest,,
38533ba5-c230-49fc-8a3f-d2e939a801b7,1e2370d7-be74-4faf-b973-68d258fea015,Catch22 Charity Limited,southwark,,
7c458934-f82a-44b0-8c05-ff5789ea57f4,1e2370d7-be74-4faf-b973-68d258fea015,Catch22 Charity Limited,tower-hamlets,,
a04fd655-e66c-4282-aa1a-b60f1bb3487d,1e2370d7-be74-4faf-b973-68d258fea015,Catch22 Charity Limited,wandsworth-merton-and-sutton,,
4419336a-bb04-4ce8-a3f8-ec629d66a9dd,1e2370d7-be74-4faf-b973-68d258fea015,Ingeus UK Limited,buckinghamshire-and-milton-keynes,,
36659dfd-2423-49f4-9a37-3d162be9a045,1e2370d7-be74-4faf-b973-68d258fea015,Ingeus UK Limited,east-berkshire,,
5c1e8b74-9b39-465e-910e-7e8bfebcda13,1e2370d7-be74-4faf-b973-68d258fea015,Ingeus UK Limited,oxfordshire,,
36a664be-0bdd-4314-bf49-911417d3eaf5,1e2370d7-be74-4faf-b973-68d258fea015,Ingeus UK Limited,west-berkshire,,
0d3b7bf3-7649-4af9-9c07-8c25e491a7d2,1e2370d7-be74-4faf-b973-68d258fea015,Ingeus UK Limited,derby-city,,
5bbe1f6b-0a22-4902-9453-26df4ab7657f,1e2370d7-be74-4faf-b973-68d258fea015,Ingeus UK Limited,leicester-leicestershire-and-rutland,,
d892a51d-0c0a-4881-bb2f-b74a9524170e,1e2370d7-be74-4faf-b973-68d258fea015,Ingeus UK Limited,nottinghamshire,,
0639ad47-6026-4a9d-be40-fa3298b8da30,1e2370d7-be74-4faf-b973-68d258fea015,Ingeus UK Limited,birmingham-central-and-south,,
00398906-324f-4460-ba12-b1b260bd974c,1e2370d7-be74-4faf-b973-68d258fea015,Ingeus UK Limited,birmingham-north-east-and-solihull,,
dd99e525-2266-4964-9f89-31033ec33219,1e2370d7-be74-4faf-b973-68d258fea015,Ingeus UK Limited,coventry,,
d37e412a-7eef-46bb-b6a7-a32c2f327921,1e2370d7-be74-4faf-b973-68d258fea015,Ingeus UK Limited,dudley-and-sandwell,,
3367660b-b768-476e-9b36-a68ec7f08e41,1e2370d7-be74-4faf-b973-68d258fea015,Ingeus UK Limited,herefordshire-shropshire-and-telford,,
740c0604-493a-41ce-bdb7-24eff19cca6f,1e2370d7-be74-4faf-b973-68d258fea015,Ingeus UK Limited,staffordshire-and-stoke,,
10c535a0-4606-4302-887f-bea34271ffbe,1e2370d7-be74-4faf-b973-68d258fea015,Ingeus UK Limited,walsall-and-wolverhampton,,
adf8fc99-55bd-4444-81b5-d7e14b19b249,1e2370d7-be74-4faf-b973-68d258fea015,Ingeus UK Limited,warwickshire,,
0d0f5b94-0a17-4fe7-a3b4-32e07b73074e,1e2370d7-be74-4faf-b973-68d258fea015,Ingeus UK Limited,worcestershire,,
b841f4ac-7f19-449d-bd00-8694c06f4d2d,47b0048c-cab2-4509-a64a-29a4218712c9,Ingeus UK Limited,bolton,,
57aead41-6646-41c1-ac84-bfbace56d1c4,47b0048c-cab2-4509-a64a-29a4218712c9,Ingeus UK Limited,bury-and-rochdale,,
cad75abe-dc28-419e-a142-ee44b9e7b4a3,47b0048c-cab2-4509-a64a-29a4218712c9,Ingeus UK Limited,manchester-north,,
fb071067-2800-49c1-8d4f-ea44cdf6c30d,47b0048c-cab2-4509-a64a-29a4218712c9,Ingeus UK Limited,manchester-south,,
b515e4dd-60e5-47e0-adf1-cf2f00ebeee3,47b0048c-cab2-4509-a64a-29a4218712c9,Ingeus UK Limited,oldham,,
2ee49fd5-5e19-4a47-950f-0ce9578bb1ae,47b0048c-cab2-4509-a64a-29a4218712c9,Ingeus UK Limited,salford,,
5a9bdb18-f3ea-4190-bbf7-231a09512a52,47b0048c-cab2-4509-a64a-29a4218712c9,Ingeus UK Limited,stockport-and-trafford,,
a6800c4b-dae8-496a-a991-51fa093cf0c5,47b0048c-cab2-4509-a64a-29a4218712c9,Ingeus UK Limited,tameside,,
cf9cd16f-8523-4253-a72b-fd85445762b8,47b0048c-cab2-4509-a64a-29a4218712c9,Ingeus UK Limited,wigan,,
cbdfcb3c-31fc-49fb-9448-0e4690cf5f70,85fcc379-6523-4aee-b354-367b28d4bb9c,Achieve,bolton,,
1696962e-661c-403e-811b-1624d00b0ab3,85fcc379-6523-4aee-b354-367b28d4bb9c,Achieve,bury-and-rochdale,,
dba17c17-0081-4388-a5a1-fa4b92892bfd,85fcc379-6523-4aee-b354-367b28d4bb9c,Achieve,manchester-north,,
396866c0-24ca-408f-a68f-b0628de78ad7,85fcc379-6523-4aee-b354-367b28d4bb9c,Achieve,manchester-south,,
b4a36dc5-6f3b-4c9c-8f73-b45b328c13c1,85fcc379-6523-4aee-b354-367b28d4bb9c,Achieve,oldham,,
393f40b1-1e29-45fa-8523-df0721d778ca,85fcc379-6523-4aee-b354-367b28d4bb9c,Achieve,salford,,
e183e81a-c570-4d1d-86da-c3d26daa85e7,85fcc379-6523-4aee-b354-367b28d4bb9c,Achieve,stockport-and-trafford,,
af1e4653-79ef-4d14-8b0e-306f8255dd65,85fcc379-6523-4aee-b354-367b28d4bb9c,Achieve,tameside,,
89a05065-f7f1-461a-9891-66817cc49af8,85fcc379-6523-4aee-b354-367b28d4bb9c,Achieve,wigan,,
4c3d7d49-7336-4c99-8a6c-29b9b9b9e3b4,c7af63b6-e46c-4d6b-94ab-47f3107a2f82,Urban Outreach,bolton,,
b96ea9b9-1a64-47e6-8c68-434a7b8277ab,c7af63b6-e46c-4d6b-94ab-47f3107a2f82,Women of Worth,bury-and-rochdale,,
64d65239-58b5-4c91-9c23-96e32c3d9f81,c7af63b6-e46c-4d6b-94ab-47f3107a2f82,Partners of Prisoners,oldham,,
4c4dc5c0-9203-4ead-a679-9a2b57c21478,c7af63b6-e46c-4d6b-94ab-47f3107a2f82,Petrus,bury-and-rochdale,,
3866646e-8892-4763-8e66-e40035436dca,c7af63b6-e46c-4d6b-94ab-47f3107a2f82,Salford Foundation,salford,,
b8a776f5-d2b6-46f1-8441-07dd4215d14e,c7af63b6-e46c-4d6b-94ab-47f3107a2f82,Stockport Women''s Centre,stockport-and-trafford,,
2eb47700-29a6-47ea-9ee4-f6dcf21d782d,c7af63b6-e46c-4d6b-94ab-47f3107a2f82,Jigsaw,tameside,,
d6850836-a494-49b5-84aa-f76f0f9fdaed,c7af63b6-e46c-4d6b-94ab-47f3107a2f82,Well Women,wigan,,
0c4006ab-909c-4595-9a8f-a478a3a70acb,8e270494-e630-4b52-8733-40e1129f392d,St Giles Wise Group Partnership,dyfed-powys,,
a10f90cc-42a6-4ea4-b2f5-4b6941b9a356,8e270494-e630-4b52-8733-40e1129f392d,St Giles Wise Group Partnership,gwent,,
efe14877-218f-46c2-b636-0ca9903ea305,8e270494-e630-4b52-8733-40e1129f392d,St Giles Wise Group Partnership,north-wales,,
50f7739e-be0b-4a7c-b0b6-be2a671aec64,8e270494-e630-4b52-8733-40e1129f392d,St Giles Wise Group Partnership,cardiff-and-the-vale,,
7bf0da08-bacb-4597-86d3-441e3b94f317,8e270494-e630-4b52-8733-40e1129f392d,St Giles Wise Group Partnership,cwm-taf-morgannwg,,
4f9f028b-f4e7-4994-ac69-fbbe6a3be476,8e270494-e630-4b52-8733-40e1129f392d,St Giles Wise Group Partnership,swansea-neath-and-port-talbot,,
014f46b4-63f6-40e5-b1ea-fc69ce2efb3d,8e270494-e630-4b52-8733-40e1129f392d,Catch22 Charity Limited,bath-and-north-somerset,,
56cf6519-7a4f-478e-8ca4-7c772288d63b,8e270494-e630-4b52-8733-40e1129f392d,Catch22 Charity Limited,bristol-and-south-gloucestershire,,
ca97459b-729a-42ca-8b95-45ae980ed7e5,8e270494-e630-4b52-8733-40e1129f392d,Catch22 Charity Limited,somerset,,
2cf7fcc3-9671-4d9e-843f-b1f157a6f04f,8e270494-e630-4b52-8733-40e1129f392d,Catch22 Charity Limited,swindon-and-wiltshire,,
0c1da042-7509-49fa-bf34-9773a1211c75,8e270494-e630-4b52-8733-40e1129f392d,The Forward Trust,bedfordshire,,
50085f09-df74-4125-9f53-eb41758e05d6,8e270494-e630-4b52-8733-40e1129f392d,The Forward Trust,cambridgeshire,,
44375d01-98a6-4d6b-85e2-8d169d80ae46,8e270494-e630-4b52-8733-40e1129f392d,Seetec Business Technology Centre Limited,cheshire-east,,
c7bdbbdc-3525-43b3-a2bf-a3c409e0d08e,8e270494-e630-4b52-8733-40e1129f392d,Seetec Business Technology Centre Limited,cheshire-west,,
8c770cf8-2753-4138-b0d6-c37064bbf9d2,8e270494-e630-4b52-8733-40e1129f392d,Seetec Business Technology Centre Limited,warrington-and-halton,,
50ebcd1e-c3fe-474f-8c00-ab693d3aad9b,8e270494-e630-4b52-8733-40e1129f392d,St Giles Wise Group Partnership,redcar-cleveland-and-middlesbrough,,
f072b279-f6c1-4deb-b6f2-86a1fc189fd6,8e270494-e630-4b52-8733-40e1129f392d,St Giles Wise Group Partnership,stockton-and-hartlepool,,
f6a3d2bb-5f9d-4bf1-8a21-4b2055847ed1,8e270494-e630-4b52-8733-40e1129f392d,Ingeus UK Limited,derby-city,,
b9685eb3-5eb3-4017-85d3-ded1538faac8,8e270494-e630-4b52-8733-40e1129f392d,Catch22 Charity Limited,cornwall-and-isles-of-scilly,,
6d3e14a7-e4ae-4452-9fc0-f48b9b50bc71,8e270494-e630-4b52-8733-40e1129f392d,Catch22 Charity Limited,devon-and-torbay,,
36708c82-21b2-4da5-97cb-3614be4efebc,8e270494-e630-4b52-8733-40e1129f392d,Catch22 Charity Limited,dorset,,
3a9f72b4-3c85-498f-998d-683024fcdda7,8e270494-e630-4b52-8733-40e1129f392d,Catch22 Charity Limited,plymouth,,
a231f698-d3df-4524-af77-579ca38dfd82,8e270494-e630-4b52-8733-40e1129f392d,Catch22 Charity Limited,dorset,,
c6fe2dca-1fa0-4bdd-833f-6aa77feed48c,8e270494-e630-4b52-8733-40e1129f392d,St Giles Wise Group Partnership,county-durham-and-darlington,,
d566212e-637b-4d2b-89f6-25c3ce4cc40c,8e270494-e630-4b52-8733-40e1129f392d,St Giles Wise Group Partnership,dyfed-powys,,
59006a05-56ff-4063-ba72-32d79b19a935,8e270494-e630-4b52-8733-40e1129f392d,The Forward Trust,essex-north,,
3b6859d8-42d8-4b3f-a4bd-2a58e81b44ed,8e270494-e630-4b52-8733-40e1129f392d,The Forward Trust,essex-south,,
117c7488-41ca-45ea-bfd4-9d0f7d60efd4,8e270494-e630-4b52-8733-40e1129f392d,Catch22 Charity Limited,gloucestershire,,
32757dc1-e2af-4a26-b185-42a4f364353d,8e270494-e630-4b52-8733-40e1129f392d,St Giles Wise Group Partnership,gwent,,
07966420-3a9c-49b4-b692-aceb1f9e6332,8e270494-e630-4b52-8733-40e1129f392d,Catch22 Charity Limited,hampshire-north-and-east,,
77f81840-c988-4d9c-8354-693dd0e16eee,8e270494-e630-4b52-8733-40e1129f392d,Catch22 Charity Limited,portsmouth-and-isle-of-wight,,
ad81aa16-437b-4c6b-ba93-da9fc45c9e36,8e270494-e630-4b52-8733-40e1129f392d,Catch22 Charity Limited,southampton-eastleigh-and-new-forest,,
7dc78695-b2e7-48c1-8b7d-0d660676b4c2,8e270494-e630-4b52-8733-40e1129f392d,Nacro,hertfordshire,,
4179c5bc-55b2-42ae-a3d4-39ed6b8d3421,8e270494-e630-4b52-8733-40e1129f392d,Ingeus UK Limited,hull-and-east-riding,,
8854f882-8a8e-4d5c-b719-b76dcbddac13,8e270494-e630-4b52-8733-40e1129f392d,Ingeus UK Limited,north-and-north-east-lincolnshire,,
98c62e6e-222a-454f-8ab7-d5181283cd13,8e270494-e630-4b52-8733-40e1129f392d,Seetec Business Technology Centre Limited,east-kent,,
e1df6469-58de-4857-87a9-35c4808c5032,8e270494-e630-4b52-8733-40e1129f392d,Seetec Business Technology Centre Limited,west-kent,,
b54fbb17-f249-4b8f-860d-9fa4a51d59c6,8e270494-e630-4b52-8733-40e1129f392d,The Growth Company Ltd,central-lancashire,,
d4c91fac-ac2b-4149-840b-a5a835637125,8e270494-e630-4b52-8733-40e1129f392d,The Growth Company Ltd,east-lancashire,,
29623100-9b78-416a-9c45-17f8f232677f,8e270494-e630-4b52-8733-40e1129f392d,The Growth Company Ltd,north-west-lancashire,,
b2be3579-59c4-4549-95e1-6b381799c7cc,8e270494-e630-4b52-8733-40e1129f392d,Ingeus UK Limited,leicester-leicestershire-and-rutland,,
524cc0e2-35b1-4d1e-b514-b058e68bcc49,8e270494-e630-4b52-8733-40e1129f392d,The Forward Trust,east-and-west-lincolnshire,,
d3bda67c-91c9-49a3-ac73-803652808924,8e270494-e630-4b52-8733-40e1129f392d,Catch22 Charity Limited,barking-dagenham-and-havering,,
adc71b52-e3a2-4f13-a9a0-5f9492d4f14a,8e270494-e630-4b52-8733-40e1129f392d,Catch22 Charity Limited,brent,,
2a7d1b92-f121-4045-9af5-3bd1e5d9fc02,8e270494-e630-4b52-8733-40e1129f392d,Catch22 Charity Limited,camden-and-islington,,
707814ac-1c39-4687-91c9-7e9ea299c82f,8e270494-e630-4b52-8733-40e1129f392d,Catch22 Charity Limited,croydon,,
07cc7255-b2ae-461a-930c-44127e90933c,8e270494-e630-4b52-8733-40e1129f392d,Catch22 Charity Limited,ealing-and-hillingdon,,
bc075289-24e7-4e5f-bff4-a8891ebfb21c,8e270494-e630-4b52-8733-40e1129f392d,Catch22 Charity Limited,enfield-and-haringey,,
1303dc46-50d7-4b47-9687-65e73dad73eb,8e270494-e630-4b52-8733-40e1129f392d,Catch22 Charity Limited,greenwich-and-bexley,,
235a1344-c8cd-4186-89ee-c9e3084b2ab1,8e270494-e630-4b52-8733-40e1129f392d,Catch22 Charity Limited,hammersmith-fulham-kensington-chelsea-and-westminster,,
24a5d7bc-7f85-4a1a-8e4e-5def874e243c,8e270494-e630-4b52-8733-40e1129f392d,Catch22 Charity Limited,harrow-and-barnet,,
8b954fe2-595b-47f7-ad79-7d4ab73011c7,8e270494-e630-4b52-8733-40e1129f392d,Catch22 Charity Limited,kingston-richmond-and-hounslow,,
edcdc137-921a-4694-ae6b-d413e9aadb5f,8e270494-e630-4b52-8733-40e1129f392d,Catch22 Charity Limited,lambeth,,
509edbaa-f67c-4515-89f9-4017d6092e3d,8e270494-e630-4b52-8733-40e1129f392d,Catch22 Charity Limited,lewisham-and-bromley,,
d818ba3e-76d2-4dda-9c6f-0e0fe3d41919,8e270494-e630-4b52-8733-40e1129f392d,Catch22 Charity Limited,newham,,
89e12563-1c05-44c0-be8c-40bfa5319b80,8e270494-e630-4b52-8733-40e1129f392d,Catch22 Charity Limited,redbridge-and-waltham-forest,,
b12a4635-159b-47bd-8446-14defd36caf1,8e270494-e630-4b52-8733-40e1129f392d,Catch22 Charity Limited,southwark,,
46702a27-1f6d-482e-806d-6f3e79e661e5,8e270494-e630-4b52-8733-40e1129f392d,Catch22 Charity Limited,tower-hamlets,,
e922614b-cca3-4042-9dea-8083362e9a8f,8e270494-e630-4b52-8733-40e1129f392d,Catch22 Charity Limited,wandsworth-merton-and-sutton,,
15fa6896-2ac7-4a77-a5b6-6fafb5123410,8e270494-e630-4b52-8733-40e1129f392d,The Growth Company Ltd,knowsley-and-st-helens,,
31313ff4-0535-424b-a510-0ee236f07cd4,8e270494-e630-4b52-8733-40e1129f392d,The Growth Company Ltd,liverpool-north,,
8655829c-a27a-4922-8cfe-817fd509be3e,8e270494-e630-4b52-8733-40e1129f392d,The Growth Company Ltd,liverpool-south,,
c09abcda-dcfc-4041-bef0-23f5cd2a68a3,8e270494-e630-4b52-8733-40e1129f392d,The Growth Company Ltd,sefton,,
effbf7fc-9b27-4bac-9ef6-619810d23b01,8e270494-e630-4b52-8733-40e1129f392d,The Growth Company Ltd,wirral,,
97f8255c-ca4f-4175-840b-8a615f7aac4d,8e270494-e630-4b52-8733-40e1129f392d,The Forward Trust,norfolk,,
43ff9acc-30ef-4a06-b3f7-425877ea3976,8e270494-e630-4b52-8733-40e1129f392d,St Giles Wise Group Partnership,north-wales,,
ea43290a-d4a3-4842-aece-cd560d65b1e7,8e270494-e630-4b52-8733-40e1129f392d,Foundation,north-yorkshire,,
ae4f71b2-fa1c-41da-91f3-08a4f3e56ec9,8e270494-e630-4b52-8733-40e1129f392d,Nacro,northamptonshire,,
1af9c987-f525-4978-87ec-876a6981283e,8e270494-e630-4b52-8733-40e1129f392d,Ingeus UK Limited,gateshead-and-south-tyneside,,
d291aff8-46b3-4de8-ba41-065ad02f0573,8e270494-e630-4b52-8733-40e1129f392d,Ingeus UK Limited,newcastle-upon-tyne,,
5243a98b-184f-4744-bd20-a6d794303203,8e270494-e630-4b52-8733-40e1129f392d,Ingeus UK Limited,sunderland,,
3142f451-9ef6-4dd6-b27a-6ad920de2735,8e270494-e630-4b52-8733-40e1129f392d,Ingeus UK Limited,nottinghamshire,,
a9b8be1e-9d12-42f8-819c-f01d04a73ec7,8e270494-e630-4b52-8733-40e1129f392d,St Giles Wise Group Partnership,cardiff-and-the-vale,,
53fee2fa-4a69-4a2f-8379-7262e2e286bf,8e270494-e630-4b52-8733-40e1129f392d,St Giles Wise Group Partnership,cwm-taf-morgannwg,,
6def3d42-9f37-4f09-b903-e76f67053199,8e270494-e630-4b52-8733-40e1129f392d,St Giles Wise Group Partnership,swansea-neath-and-port-talbot,,
2d88d140-eb80-4ecf-b975-0f8e6b43fe94,8e270494-e630-4b52-8733-40e1129f392d,The Growth Company Ltd,barnsley-and-rotherham,,
56f2dae0-f1e4-4b73-8b63-66d36408b084,8e270494-e630-4b52-8733-40e1129f392d,The Growth Company Ltd,doncaster,,
b5fa0264-64c6-4c6e-ab33-e02fb317528b,8e270494-e630-4b52-8733-40e1129f392d,The Growth Company Ltd,sheffield,,
8f043bc7-2a8d-4218-a8eb-028dbba5c7ed,8e270494-e630-4b52-8733-40e1129f392d,Ingeus UK Limited,staffordshire-and-stoke,,
0a9fe5a6-503a-4aac-bc6b-03e603737a08,8e270494-e630-4b52-8733-40e1129f392d,Nacro,suffolk,,
e85e9a08-504b-40bb-8f7a-da9200b1ebc6,8e270494-e630-4b52-8733-40e1129f392d,The Forward Trust,surrey,,
cf9cea4e-2ab8-4995-8ecf-9eab1bb2b5f9,8e270494-e630-4b52-8733-40e1129f392d,The Forward Trust,east-sussex,,
96eb3229-944c-462d-8da9-80ead68a6217,8e270494-e630-4b52-8733-40e1129f392d,Catch22 Charity Limited,buckinghamshire-and-milton-keynes,,
e4295a6a-cc5c-455d-a1df-c141821f4c88,8e270494-e630-4b52-8733-40e1129f392d,Catch22 Charity Limited,east-berkshire,,
23ad484a-79cd-4953-9fb4-a86884d467d6,8e270494-e630-4b52-8733-40e1129f392d,Catch22 Charity Limited,oxfordshire,,
9694fb13-cfd5-4a6e-814e-57370632dd3c,8e270494-e630-4b52-8733-40e1129f392d,Catch22 Charity Limited,west-berkshire,,
81403c4f-9e7c-4e1f-8033-1574b03c1c1a,8e270494-e630-4b52-8733-40e1129f392d,Ingeus UK Limited,birmingham-central-and-south,,
d9bf3318-da9a-46b8-a816-8656991f9866,8e270494-e630-4b52-8733-40e1129f392d,Ingeus UK Limited,birmingham-north-east-and-solihull,,
c4d41ae5-7fa0-4c7c-b8af-1d6d324ef5ab,8e270494-e630-4b52-8733-40e1129f392d,Ingeus UK Limited,coventry,,
00814511-e10a-4ba9-906b-7fc1e7c2f993,8e270494-e630-4b52-8733-40e1129f392d,Ingeus UK Limited,dudley-and-sandwell,,
833f7e31-22b1-40d8-839d-40a2ee06e65f,8e270494-e630-4b52-8733-40e1129f392d,Ingeus UK Limited,walsall-and-wolverhampton,,
9b280e6c-94ef-46fb-9e44-e1feb0bc7982,8e270494-e630-4b52-8733-40e1129f392d,Ingeus UK Limited,warwickshire,,
03218137-536c-4950-a089-890773b78648,8e270494-e630-4b52-8733-40e1129f392d,Catch22 Charity Limited,herefordshire-shropshire-and-telford,,
2d068bb8-42f7-4b1a-92e8-2f9f1da64386,8e270494-e630-4b52-8733-40e1129f392d,Catch22 Charity Limited,worcestershire,,
fa0a36aa-2126-49ca-a8f9-82132c0aa922,8e270494-e630-4b52-8733-40e1129f392d,Ingeus UK Limited,bradford-and-calderdale,,
db49620a-24a8-4e7b-a488-a55a392ec443,8e270494-e630-4b52-8733-40e1129f392d,Ingeus UK Limited,kirklees,,
2731dc4e-0787-468b-b8bb-332eb47a0d30,8e270494-e630-4b52-8733-40e1129f392d,Ingeus UK Limited,leeds,,
5c5cbaca-4af6-4bde-98b2-531bf236874a,8e270494-e630-4b52-8733-40e1129f392d,Ingeus UK Limited,wakefield,,
347e645f-533f-47a0-ba81-9261a7bcf939,c7af63b6-e46c-4d6b-94ab-47f3107a2f82,The Nelson Trust,dyfed-powys,,
37715305-7b6e-49c3-94cb-64f06cb3483b,c7af63b6-e46c-4d6b-94ab-47f3107a2f82,The Nelson Trust,gwent,,
adba0873-1e29-435d-b850-bd669e4a93d4,c7af63b6-e46c-4d6b-94ab-47f3107a2f82,The Nelson Trust,north-wales,,
918b3915-480d-431c-a6d0-970612ac2a1e,c7af63b6-e46c-4d6b-94ab-47f3107a2f82,The Nelson Trust,cardiff-and-the-vale,,
6cc208b7-9291-48eb-b22b-fe02f00511a6,c7af63b6-e46c-4d6b-94ab-47f3107a2f82,The Nelson Trust,cwm-taf-morgannwg,,
e7867385-374a-4064-b1ee-6bb96d9786e5,c7af63b6-e46c-4d6b-94ab-47f3107a2f82,The Nelson Trust,swansea-neath-and-port-talbot,,
ac93d6ce-489a-4a01-b352-ae7e425d6851,c7af63b6-e46c-4d6b-94ab-47f3107a2f82,The Nelson Trust,bath-and-north-somerset,,
bf2a40b8-658a-4bed-bf06-2b3a3d8bd0bb,c7af63b6-e46c-4d6b-94ab-47f3107a2f82,The Nelson Trust,bristol-and-south-gloucestershire,,
c561ae6d-e61f-40cd-bd17-90c0e3ca6003,c7af63b6-e46c-4d6b-94ab-47f3107a2f82,The Nelson Trust,somerset,,
e2446876-8802-4c82-a65b-6ac6d8c138b8,c7af63b6-e46c-4d6b-94ab-47f3107a2f82,Advance Charity,bedfordshire,,
892c9666-7f2f-4d54-b67c-11fae785043a,c7af63b6-e46c-4d6b-94ab-47f3107a2f82,St Giles Wise Group Partnership,cambridgeshire,,
de07b45d-98ad-4cc7-abcc-9bf9ba421f03,c7af63b6-e46c-4d6b-94ab-47f3107a2f82,PSS UK,cheshire-east,,
c7be243f-296b-4676-8e50-670ebf8d2186,c7af63b6-e46c-4d6b-94ab-47f3107a2f82,PSS UK,cheshire-west,,
faef0152-3137-48b2-a2cb-62d1c0ae4198,c7af63b6-e46c-4d6b-94ab-47f3107a2f82,PSS UK,warrington-and-halton,,
de92b4db-0b47-4e8f-9e2f-0a67b991b520,c7af63b6-e46c-4d6b-94ab-47f3107a2f82,Changing Lives,redcar-cleveland-and-middlesbrough,,
0f00d800-080a-4501-ad50-fb38155ffacc,c7af63b6-e46c-4d6b-94ab-47f3107a2f82,Changing Lives,stockton-and-hartlepool,,
5a69e960-aecc-4840-b3a8-739b6110f236,c7af63b6-e46c-4d6b-94ab-47f3107a2f82,Women''s Community Matter,cumbria,,
f6b5c951-ca40-4c05-a734-d85468ec8b5b,c7af63b6-e46c-4d6b-94ab-47f3107a2f82,Women''s Work (Derbyshire) Limited,derby-city,,
72ec2879-a51c-4618-bdd0-d14d2d5ba2fb,c7af63b6-e46c-4d6b-94ab-47f3107a2f82,Women''s Work (Derbyshire) Limited,east-and-west-lincolnshire,,
e5ae7abc-8c16-4ca9-a203-2bfe85fdc11f,c7af63b6-e46c-4d6b-94ab-47f3107a2f82,Women''s Work (Derbyshire) Limited,leicester-leicestershire-and-rutland,,
3ffde9ed-2c49-436f-ab25-15964647b9eb,c7af63b6-e46c-4d6b-94ab-47f3107a2f82,Women''s Work (Derbyshire) Limited,nottinghamshire,,
7941d524-257e-4af7-b279-7602f301447d,c7af63b6-e46c-4d6b-94ab-47f3107a2f82,The Women''s Centre Cornwall (TWCC),cornwall-and-isles-of-scilly,,
a5432452-5fda-479b-97d8-768de07df21d,c7af63b6-e46c-4d6b-94ab-47f3107a2f82,The Women''s Centre Cornwall (TWCC),devon-and-torbay,,
6b0dc123-d4e3-4450-b20e-042de8837a27,c7af63b6-e46c-4d6b-94ab-47f3107a2f82,The Women''s Centre Cornwall (TWCC),plymouth,,
d5d7e55a-1a8f-4316-848f-e899b7966a80,c7af63b6-e46c-4d6b-94ab-47f3107a2f82,The Women''s Centre Cornwall (TWCC),dorset,,
1fa6a990-9f8b-4461-99f0-75ad1841bd9f,c7af63b6-e46c-4d6b-94ab-47f3107a2f82,St Giles Wise Group Partnership,county-durham-and-darlington,,
022db20e-d9e0-4f3f-9ca0-b27a77ddf8a6,c7af63b6-e46c-4d6b-94ab-47f3107a2f82,Advance Charity,essex-north,,
8e243b3e-d7a5-4c52-b895-c58f8bd1162b,c7af63b6-e46c-4d6b-94ab-47f3107a2f82,The Nelson Trust,gloucestershire,,
545e9341-607e-4293-8de1-77ea50836408,c7af63b6-e46c-4d6b-94ab-47f3107a2f82,Advance Charity,portsmouth-and-isle-of-wight,,
70e01b5a-f7fa-401a-b318-2793a2532495,c7af63b6-e46c-4d6b-94ab-47f3107a2f82,Advance Charity,southampton-eastleigh-and-new-forest,,
695f4c4d-6d04-441b-b3a9-86bbc86fd7bc,c7af63b6-e46c-4d6b-94ab-47f3107a2f82,Together Women Project,hull-and-east-riding,,
da898b6e-0bb9-41e4-94a7-78da8d3342c3,c7af63b6-e46c-4d6b-94ab-47f3107a2f82,Together Women Project,north-and-north-east-lincolnshire,,
0bf1ed37-1471-4093-8122-cd38766f6d93,c7af63b6-e46c-4d6b-94ab-47f3107a2f82,Advance Charity,west-kent,,
c837f2c5-08b8-47db-b910-2fe858366f95,c7af63b6-e46c-4d6b-94ab-47f3107a2f82,Lancashire Women,central-lancashire,,
ab7187c0-0dba-4e28-9538-1bc5035ed799,c7af63b6-e46c-4d6b-94ab-47f3107a2f82,Lancashire Women,east-lancashire,,
1ae12382-7d04-463f-87bc-87ac2832e3d8,c7af63b6-e46c-4d6b-94ab-47f3107a2f82,Lancashire Women,north-west-lancashire,,
4cf42b81-ee16-4b5a-9e81-07609c904b1b,c7af63b6-e46c-4d6b-94ab-47f3107a2f82,Changing Lives,leicester-leicestershire-and-rutland,,
528d87fc-cb22-493a-81fe-1a42c19544a5,c7af63b6-e46c-4d6b-94ab-47f3107a2f82,Lincolnshire Action Trust,east-and-west-lincolnshire,,
f66c7245-7c37-4245-966d-112c6f9a4167,c7af63b6-e46c-4d6b-94ab-47f3107a2f82,PSS UK,knowsley-and-st-helens,,
56cd8400-e3b1-47e3-8011-36809eeb516d,c7af63b6-e46c-4d6b-94ab-47f3107a2f82,PSS UK,liverpool-north,,
47275aec-de4f-4b03-a078-9f0aaa52e7c1,c7af63b6-e46c-4d6b-94ab-47f3107a2f82,PSS UK,liverpool-south,,
2995ebd7-2497-472b-b835-639ef05f23e3,c7af63b6-e46c-4d6b-94ab-47f3107a2f82,PSS UK,sefton,,
05f4c78d-af81-4ca5-bc2e-bcf618de87c3,c7af63b6-e46c-4d6b-94ab-47f3107a2f82,PSS UK,wirral,,
4db3fc1c-d151-4afd-a9dc-6f7c9dc3f831,c7af63b6-e46c-4d6b-94ab-47f3107a2f82,St Giles Wise Group Partnership,norfolk,,
18905306-79a3-4f22-b53f-720399037c76,c7af63b6-e46c-4d6b-94ab-47f3107a2f82,St Giles Wise Group Partnership,north-yorkshire,,
d4eb34f6-1831-46ba-92b7-9c0d6cdf7e00,c7af63b6-e46c-4d6b-94ab-47f3107a2f82,St Giles Wise Group Partnership,northamptonshire,,
236a2947-23d9-46d3-89e7-447c568a1af7,c7af63b6-e46c-4d6b-94ab-47f3107a2f82,Changing Lives,gateshead-and-south-tyneside,,
2b3f0236-95e8-4528-b5dd-8fa2223aea03,c7af63b6-e46c-4d6b-94ab-47f3107a2f82,Changing Lives,newcastle-upon-tyne,,
7081a951-e7e9-47ae-809b-945213965c51,c7af63b6-e46c-4d6b-94ab-47f3107a2f82,Changing Lives,sunderland,,
f67164ff-3671-4c23-bbf1-6965b149768f,c7af63b6-e46c-4d6b-94ab-47f3107a2f82,Nottinghamshire,nottinghamshire,,
5ef7cf7f-40d8-4d05-a974-0adef05eed39,c7af63b6-e46c-4d6b-94ab-47f3107a2f82,Changing Lives,barnsley-and-rotherham,,
363432c3-27fe-43bf-8d5a-82c3863980e5,c7af63b6-e46c-4d6b-94ab-47f3107a2f82,Changing Lives,doncaster,,
2eeea14c-ed70-40ee-bc82-df82531ef30c,c7af63b6-e46c-4d6b-94ab-47f3107a2f82,Changing Lives,sheffield,,
490fc652-7467-408a-b948-40f03a1232ba,c7af63b6-e46c-4d6b-94ab-47f3107a2f82,Changing Lives,staffordshire-and-stoke,,
9e7082d1-2747-4ac7-ae7a-fa5ec5018447,c7af63b6-e46c-4d6b-94ab-47f3107a2f82,St Giles Wise Group Partnership,suffolk,,
e36e2721-f828-4fac-aecf-00570dd960b4,c7af63b6-e46c-4d6b-94ab-47f3107a2f82,Women in Prison,surrey,,
cb3a7879-7c78-40eb-8b60-1a313d3af29a,c7af63b6-e46c-4d6b-94ab-47f3107a2f82,BWC (Brighton Women''s Centre),east-sussex,,
02b5df42-4c2c-450f-9170-a5d4e786a80d,c7af63b6-e46c-4d6b-94ab-47f3107a2f82,BWC (Brighton Women''s Centre),west-sussex,,
c2dd7892-d94b-43d1-be24-fc5c12ccc3fb,c7af63b6-e46c-4d6b-94ab-47f3107a2f82,Advance Charity,oxfordshire,,
88d0c830-eab8-402c-95a5-04d3de68bafb,c7af63b6-e46c-4d6b-94ab-47f3107a2f82,Advance Charity,west-berkshire,,
9cdfd4eb-1f88-49b3-87cd-e61eaa2bad03,c7af63b6-e46c-4d6b-94ab-47f3107a2f82,Changing Lives,warwickshire,,
e67dcbcb-95aa-4239-921e-9d87ede2aa77,c7af63b6-e46c-4d6b-94ab-47f3107a2f82,Willowdene Rehabilitation and Training,herefordshire-shropshire-and-telford,,
0274a1a5-9349-4efe-aa99-c385d73e38a8,c7af63b6-e46c-4d6b-94ab-47f3107a2f82,Willowdene Rehabilitation and Training,worcestershire,,
d8f1b188-8618-4bb3-9887-39010d080bf8,c7af63b6-e46c-4d6b-94ab-47f3107a2f82,Changing Lives,birmingham-central-and-south,,
ba569b05-bdfb-478a-8d05-aaa34aff086e,c7af63b6-e46c-4d6b-94ab-47f3107a2f82,Changing Lives,birmingham-north-east-and-solihull,,
2c80c63f-e86b-4f96-a2fd-1bd244052323,c7af63b6-e46c-4d6b-94ab-47f3107a2f82,Changing Lives,coventry,,
57e6364a-1c91-4e58-b54b-3876218739e9,c7af63b6-e46c-4d6b-94ab-47f3107a2f82,Changing Lives,dudley-and-sandwell,,
a0b33327-c2b7-46e8-ae33-66b75c5e31f0,c7af63b6-e46c-4d6b-94ab-47f3107a2f82,Changing Lives,walsall-and-wolverhampton,,
1093676a-7f3a-4a43-a1b1-f5e37f103fcb,c7af63b6-e46c-4d6b-94ab-47f3107a2f82,Changing Lives,warwickshire,,
8404797c-7c20-4aad-9c29-57d0fee962e7,c7af63b6-e46c-4d6b-94ab-47f3107a2f82,Together Women Project,bradford-and-calderdale,,
01b80116-a975-450f-b4c0-92ae020c79d9,c7af63b6-e46c-4d6b-94ab-47f3107a2f82,Together Women Project,kirklees,,
db2dcf42-65db-4549-9bfd-a9e010c58d78,c7af63b6-e46c-4d6b-94ab-47f3107a2f82,Together Women Project,leeds,,
5c7c48be-d8d7-495e-b9ef-afc54e7fd592,c7af63b6-e46c-4d6b-94ab-47f3107a2f82,Together Women Project,wakefield,,
219f9aad-389d-4e2c-b6e0-a7fe44b95871,c7af63b6-e46c-4d6b-94ab-47f3107a2f82,The Nelson Trust,swindon-and-wiltshire,,
3d14b679-a8e0-4627-a22d-8b113885ae58,c7af63b6-e46c-4d6b-94ab-47f3107a2f82,Advance Charity,barking-dagenham-and-havering,,
35de1724-3a2b-48d5-a3af-a31362bbdf70,c7af63b6-e46c-4d6b-94ab-47f3107a2f82,Advance Charity,enfield-and-haringey,,
db048534-48e6-441d-824c-a2116ba0c8cf,c7af63b6-e46c-4d6b-94ab-47f3107a2f82,Advance Charity,newham,,
babf8ce9-55cf-4c7b-8030-12025798d92a,c7af63b6-e46c-4d6b-94ab-47f3107a2f82,Advance Charity,redbridge-and-waltham-forest,,
dcea4e25-6743-4ad1-b7ae-2b2a95f7bd6c,c7af63b6-e46c-4d6b-94ab-47f3107a2f82,Advance Charity,tower-hamlets,,
9cd609a2-ee3c-4ad7-9d8e-16413ecef1a1,c7af63b6-e46c-4d6b-94ab-47f3107a2f82,Women in Prison,croydon,,
ac7d6c2b-09cf-47de-acef-d41afbd18951,c7af63b6-e46c-4d6b-94ab-47f3107a2f82,Women in Prison,greenwich-and-bexley,,
4a2d146e-8f6a-4cdc-a24e-935765843320,c7af63b6-e46c-4d6b-94ab-47f3107a2f82,Women in Prison,lambeth,,
92c6e120-0d70-4e0c-b4a2-4fde4188ec83,c7af63b6-e46c-4d6b-94ab-47f3107a2f82,Women in Prison,lewisham-and-bromley,,
3bdd5927-729c-44f1-90ce-173b605a9f11,c7af63b6-e46c-4d6b-94ab-47f3107a2f82,Women in Prison,wandsworth-merton-and-sutton,,
47bea477-8bfc-4226-89c6-829d0ac1976e,c7af63b6-e46c-4d6b-94ab-47f3107a2f82,Advance Charity,brent,,
48b8188c-57b0-4cda-92ef-d9a5e286719b,c7af63b6-e46c-4d6b-94ab-47f3107a2f82,Advance Charity,camden-and-islington,,
400ea960-6511-46c4-a9ac-e3e001504b36,c7af63b6-e46c-4d6b-94ab-47f3107a2f82,Advance Charity,hammersmith-fulham-kensington-chelsea-and-westminster,,
5f981059-0acf-4ce4-ba25-1c1b360cb81c,c7af63b6-e46c-4d6b-94ab-47f3107a2f82,Advance Charity,kingston-richmond-and-hounslow,,
934f3452-8886-4ac2-9bb9-d7eb45f3ecd2,7822b08d-1780-4866-8303-76f1632315ff,,blackburn,,
295735ad-d3b4-4e75-acd5-ecfdc2b713f1,7822b08d-1780-4866-8303-76f1632315ff,,central-lancashire,,
f060787a-7401-4a19-ba5a-eee22722f3e9,7822b08d-1780-4866-8303-76f1632315ff,,cheshire-east,,
bedae96e-d249-4aaf-ab9b-3e1cbc28da1b,7822b08d-1780-4866-8303-76f1632315ff,,cheshire-west,,
8dae3d59-3afe-4a98-af4c-ec6589fd2419,7822b08d-1780-4866-8303-76f1632315ff,,cumbria,,
9df5d9b0-4783-4669-b22e-9597161b0ba2,7822b08d-1780-4866-8303-76f1632315ff,,east-lancashire,,
9b1a4fa6-3424-4537-9b29-7e8ea3e6b657,7822b08d-1780-4866-8303-76f1632315ff,,knowsley-and-st-helens,,
886d4b2e-34cd-442e-b98b-38ebd0207b0f,7822b08d-1780-4866-8303-76f1632315ff,,liverpool-north,,
104606b0-207a-444b-85bb-3210849f1490,7822b08d-1780-4866-8303-76f1632315ff,,liverpool-south,,
cd1c49fb-684e-4ca8-9fbe-91f38fd04997,7822b08d-1780-4866-8303-76f1632315ff,,north-west-lancashire,,
7da94700-8409-4472-aece-105dda72b226,7822b08d-1780-4866-8303-76f1632315ff,,sefton,,
8d68e767-b7e6-4b51-83bd-cbc685676b52,7822b08d-1780-4866-8303-76f1632315ff,,warrington-and-halton,,
8c02980f-bc11-49b8-a886-6fd2354c31ca,7822b08d-1780-4866-8303-76f1632315ff,,wirral,,
b80f6c71-ab0c-4f3f-a4de-4c7ac37c69bb,48309fe4-560a-4375-a851-6e51241b018d,,knowsley-and-st-helens,"",
2a398622-48c0-4d73-b661-e0b24f120e17,48309fe4-560a-4375-a851-6e51241b018d,,warrington-and-halton,"",
3214464f-213e-40f0-9746-bc0c119f06a8,48309fe4-560a-4375-a851-6e51241b018d,,wirral,"",
d9f1b0a3-ce67-40cd-a60b-e1e62edaae09,98d14fe1-c8d9-4412-bd71-3de7666e3196,,camden-and-islington,,
4c0c06c3-5afe-41e1-88e4-2e4f166346db,98d14fe1-c8d9-4412-bd71-3de7666e3196,,buckinghamshire-and-milton-keynes,,
71ad65bd-6dac-4ea9-b201-fc626a4de727,98d14fe1-c8d9-4412-bd71-3de7666e3196,,east-berkshire,,
b0a591c4-5ee6-4001-a6a9-40fc1a1c00a9,98d14fe1-c8d9-4412-bd71-3de7666e3196,,hampshire-north-and-east,,
b6f408bd-2818-481b-a351-607b0513eeaf,98d14fe1-c8d9-4412-bd71-3de7666e3196,,oxfordshire,,
267dd5d9-1829-4972-a5c2-60ce8c4f881e,98d14fe1-c8d9-4412-bd71-3de7666e3196,,portsmouth-and-isle-of-wight,,
9a38641b-8644-4605-8e35-598fb19401a4,98d14fe1-c8d9-4412-bd71-3de7666e3196,,southampton-eastleigh-and-new-forest,,
10c3eca9-e072-4331-a87c-4282a4fbe158,98d14fe1-c8d9-4412-bd71-3de7666e3196,,west-berkshire,,
ff324a18-0b2f-4a04-86dd-23c587fa3fde,98d14fe1-c8d9-4412-bd71-3de7666e3196,,bedfordshire,,
52d2aa17-b88a-4e9b-8bc6-95838983fa90,98d14fe1-c8d9-4412-bd71-3de7666e3196,,cambridgeshire,,
6c6cb8ac-07df-4de4-81f2-9d1c385e0f40,98d14fe1-c8d9-4412-bd71-3de7666e3196,,essex-north,,
269a5f61-e9d1-4eb6-bd99-bae7e366481a,98d14fe1-c8d9-4412-bd71-3de7666e3196,,essex-south,,
2beb39fb-ed7f-4008-b46a-64976149f443,98d14fe1-c8d9-4412-bd71-3de7666e3196,,hertfordshire,,
df7118af-4cb9-4d39-8e5f-e74664f952c6,98d14fe1-c8d9-4412-bd71-3de7666e3196,,norfolk,,
7b9401d2-dc4f-463a-acb7-2fe35fae5f8a,98d14fe1-c8d9-4412-bd71-3de7666e3196,,northamptonshire,,
2c946899-234a-4812-b1ee-1ec0d83e434f,98d14fe1-c8d9-4412-bd71-3de7666e3196,,suffolk,,
57eed8d6-e87e-4797-99ed-0d40deea0404,0d707b96-d051-457a-ab01-338af6b65b55,,blackburn,,
83b71506-ac4e-4099-8a31-970e7a1cd44b,0d707b96-d051-457a-ab01-338af6b65b55,,central-lancashire,,
7ceb36a8-7c82-4b9f-94ea-6381fb79a463,0d707b96-d051-457a-ab01-338af6b65b55,,cheshire-east,,
3acda5cf-76a0-436c-84f5-f64c2accc49f,0d707b96-d051-457a-ab01-338af6b65b55,,cheshire-west,,
eea6049c-e1dd-4216-9ebd-058d0289e0dd,0d707b96-d051-457a-ab01-338af6b65b55,,cumbria,,
2a9337bf-2540-42cf-b5eb-0c1e021e209a,0d707b96-d051-457a-ab01-338af6b65b55,,east-lancashire,,
e5b008a1-4c1d-4326-9208-ca5cd839f475,0d707b96-d051-457a-ab01-338af6b65b55,,knowsley-and-st-helens,,
94caaaa9-bbb1-4793-a77b-23e8f5e61cbc,0d707b96-d051-457a-ab01-338af6b65b55,,liverpool-north,,
b4b660f3-53a4-44ee-8744-b2903440ac93,0d707b96-d051-457a-ab01-338af6b65b55,,liverpool-south,,
a9cf2eb3-154c-4369-9ba6-60fbd579a0ae,0d707b96-d051-457a-ab01-338af6b65b55,,north-west-lancashire,,
d28e385d-a4e0-478a-8116-f04aa18d1a9a,0d707b96-d051-457a-ab01-338af6b65b55,,sefton,,
136f6c4c-32a7-4054-9cbf-10e5065dfa16,0d707b96-d051-457a-ab01-338af6b65b55,,warrington-and-halton,,
971c926b-e183-4dda-9591-bddc4369d260,0d707b96-d051-457a-ab01-338af6b65b55,,wirral,,
2bd3d81f-202f-4b9c-8acc-50476f87b479,98a4c2e4-d399-4a35-b3fc-c729fbbd78ab,,bedfordshire,,
0624add3-9fcd-46e4-8d97-1a9c145930c6,98a4c2e4-d399-4a35-b3fc-c729fbbd78ab,,cambridgeshire,,
cfbab452-d3f8-40c5-8861-9cc92ed2daeb,98a4c2e4-d399-4a35-b3fc-c729fbbd78ab,,essex-north,,
3b4e475b-cc70-463e-93ea-5aa5db76e865,98a4c2e4-d399-4a35-b3fc-c729fbbd78ab,,essex-south,,
a128de2d-a247-4082-a592-3508eaea64ba,98a4c2e4-d399-4a35-b3fc-c729fbbd78ab,,hertfordshire,,
abb0ea27-7eff-49b2-9fdd-9b0fd149f633,98a4c2e4-d399-4a35-b3fc-c729fbbd78ab,,norfolk,,
1fc3c084-5110-408c-948f-e67a1c9b94ef,98a4c2e4-d399-4a35-b3fc-c729fbbd78ab,,northamptonshire,,
f76d1916-09b9-48fe-bd12-e065770ee86d,98a4c2e4-d399-4a35-b3fc-c729fbbd78ab,,suffolk,,
2fe29cce-4443-4e07-b813-d0b39399960f,43b7eb14-8cb0-4ae4-bb62-a4810416a1c6,,brent,,
32ad11cb-2542-47d1-8b58-60d4d1fa3b06,43b7eb14-8cb0-4ae4-bb62-a4810416a1c6,,newham,,
61c0a58e-2e8f-4a2f-b597-d2c1e6822e63,43b7eb14-8cb0-4ae4-bb62-a4810416a1c6,,blackburn,,
5542a086-d14c-4b51-83eb-ea3c7230b2f4,43b7eb14-8cb0-4ae4-bb62-a4810416a1c6,,central-lancashire,,
4639ccdb-9a3a-47af-8c74-97ff7f3ce57d,43b7eb14-8cb0-4ae4-bb62-a4810416a1c6,,cheshire-east,,
f036b22b-b616-427b-8d82-2aed1d47ccbc,43b7eb14-8cb0-4ae4-bb62-a4810416a1c6,,cheshire-west,,
307833d4-2b42-4acb-aefe-b5da00cd3270,43b7eb14-8cb0-4ae4-bb62-a4810416a1c6,,cumbria,,
a2253287-40bd-4eff-8a04-c7bbf2fe3cb2,43b7eb14-8cb0-4ae4-bb62-a4810416a1c6,,east-lancashire,,
7314e6c9-531a-43f4-86c7-5766949c0767,43b7eb14-8cb0-4ae4-bb62-a4810416a1c6,,knowsley-and-st-helens,,
c44aff5a-06af-451a-8807-3039e1f58923,43b7eb14-8cb0-4ae4-bb62-a4810416a1c6,,liverpool-north,,
325bbd60-e54a-4566-a034-ee9f25698d0d,43b7eb14-8cb0-4ae4-bb62-a4810416a1c6,,liverpool-south,,
8404ff18-eeba-4d93-8654-f11cd5fd22a9,43b7eb14-8cb0-4ae4-bb62-a4810416a1c6,,north-west-lancashire,,
d85c85f0-cdd7-4d13-9a1d-c70b88f0a263,43b7eb14-8cb0-4ae4-bb62-a4810416a1c6,,sefton,,
609b7dc4-f9e8-4c25-a571-aae334627b07,43b7eb14-8cb0-4ae4-bb62-a4810416a1c6,,warrington-and-halton,,
f46d3b9e-3b73-4f65-8a1e-7ea87c467cdd,43b7eb14-8cb0-4ae4-bb62-a4810416a1c6,,wirral,,
3c9cf0f2-bde7-4854-b5a4-de78f871b539,22154600-016e-4659-9849-b9e4560081ba,,brent,,
4bd9cc09-652b-4e14-8545-c3bb195e4b98,22154600-016e-4659-9849-b9e4560081ba,,newham,,
b2f49aa7-5a22-40d9-9c64-a3e23253f14d,9d44d6f0-b0f8-40d4-a851-92e92eb8d609,,barking-dagenham-and-havering,,
c5bb346f-88cd-4317-a722-fbaeb3dfb14e,9d44d6f0-b0f8-40d4-a851-92e92eb8d609,,camden-and-islington,,
ad64a597-bd95-47ee-b8de-82a48e6d5ae2,9d44d6f0-b0f8-40d4-a851-92e92eb8d609,,croydon,,
1abb21b0-0566-452c-937e-1cef38ea1137,9d44d6f0-b0f8-40d4-a851-92e92eb8d609,,ealing-and-hillingdon,,
e818f5d9-255b-43b1-a5fe-b8245d856bfc,9d44d6f0-b0f8-40d4-a851-92e92eb8d609,,enfield-and-haringey,,
83b4cd23-fbdd-4723-a5c4-84866bb72ee0,9d44d6f0-b0f8-40d4-a851-92e92eb8d609,,hammersmith-fulham-kensington-chelsea-and-westminster,,
07a07900-eca8-4f3b-8d27-f786cd4f256d,9d44d6f0-b0f8-40d4-a851-92e92eb8d609,,lambeth,,
82a31531-2224-4868-8794-0d524ecdaf6a,9d44d6f0-b0f8-40d4-a851-92e92eb8d609,,lewisham-and-bromley,,
9ee4afad-1435-42f8-8999-8f1e239aef94,9d44d6f0-b0f8-40d4-a851-92e92eb8d609,,redbridge-and-waltham-forest,,
17553c6a-492d-42ff-aac9-d0891ed45ec2,9d44d6f0-b0f8-40d4-a851-92e92eb8d609,,southwark,,
da0a8737-b4e5-4e47-bef0-ef0d10b6448b,9d44d6f0-b0f8-40d4-a851-92e92eb8d609,,wandsworth-merton-and-sutton,,
382aff57-7142-49f8-af7b-9168a79ba421,1bca8fb6-2e94-4680-b211-847ffbd9a294,,cardiff-and-the-vale,,
662bc0eb-e3d4-43cb-9c01-664e3a2cb8d7,1bca8fb6-2e94-4680-b211-847ffbd9a294,,cwm-taf-morgannwg,,
ecc9ae66-2f7a-4570-80f0-8b0d2e3edb8a,1bca8fb6-2e94-4680-b211-847ffbd9a294,,dyfed-powys,,
73def539-a7c5-4417-8daa-d9db0aaa3e25,1bca8fb6-2e94-4680-b211-847ffbd9a294,,gwent,,
0c5e4f00-4a33-4b85-b649-f4a5106850fa,1bca8fb6-2e94-4680-b211-847ffbd9a294,,north-wales,,
b7bee8e1-6c1e-41ab-b575-e3ef4e9c134e,1bca8fb6-2e94-4680-b211-847ffbd9a294,,swansea-neath-and-port-talbot,,
f72199fc-56ed-41bf-96aa-bbfbca8b3e44,9c697406-e6ab-46c4-9420-1bddaac3193c,,brent,,
d9905dcd-93c0-44c8-b7dc-5acaa5f1b178,9c697406-e6ab-46c4-9420-1bddaac3193c,,newham,,
d49a9de2-520d-4774-8635-a33fa0c2f90f,9c697406-e6ab-46c4-9420-1bddaac3193c,,birmingham-central-and-south,,
168300df-778e-413c-aea5-7ea5303c4897,9c697406-e6ab-46c4-9420-1bddaac3193c,,birmingham-north-east-and-solihull,,
ef29f035-56ab-4638-b2f7-a423b05b22f7,9c697406-e6ab-46c4-9420-1bddaac3193c,,coventry,,
d9b15ee4-bf4e-4e0d-b068-d578676be4ae,9c697406-e6ab-46c4-9420-1bddaac3193c,,dudley-and-sandwell,,
77ead729-7ee4-4132-8853-9b0c45d842bf,9c697406-e6ab-46c4-9420-1bddaac3193c,,herefordshire-shropshire-and-telford,,
da3f09ec-2e6d-4144-9919-3db7f87e02ef,9c697406-e6ab-46c4-9420-1bddaac3193c,,staffordshire-and-stoke,,
0950429f-ccfc-4241-b6e1-462ec751428c,9c697406-e6ab-46c4-9420-1bddaac3193c,,walsall-and-wolverhampton,,
eed93e7c-40c5-4777-8dca-e9200ae9fc4d,9c697406-e6ab-46c4-9420-1bddaac3193c,,warwickshire,,
0ce23071-8f91-4a99-b290-da25c8281244,9c697406-e6ab-46c4-9420-1bddaac3193c,,worcestershire,,
10ee5a1c-30b0-4d51-8058-3158dab66d4f,9c697406-e6ab-46c4-9420-1bddaac3193c,,cardiff-and-the-vale,,
3530afbb-ec4d-4e51-bbfe-693e2d5fc40b,9c697406-e6ab-46c4-9420-1bddaac3193c,,cwm-taf-morgannwg,,
673d5ad0-7f2c-4585-a660-3057ed417727,9c697406-e6ab-46c4-9420-1bddaac3193c,,dyfed-powys,,
861050bf-84fb-41b5-b9ab-b516854ec7ee,9c697406-e6ab-46c4-9420-1bddaac3193c,,gwent,,
44fe1c6b-173a-4811-81f6-ad03ead8ba48,9c697406-e6ab-46c4-9420-1bddaac3193c,,north-wales,,
efb08bc6-794a-47b7-948d-ce4f04cfc58a,9c697406-e6ab-46c4-9420-1bddaac3193c,,swansea-neath-and-port-talbot,,
d23884de-7d63-4f63-8ef1-8b8409bd0794,9c697406-e6ab-46c4-9420-1bddaac3193c,,blackburn,,
4dc80f5e-08a5-4b27-8919-dd2e6e8aa7ff,9c697406-e6ab-46c4-9420-1bddaac3193c,,central-lancashire,,
8ec06b8a-7106-4df5-8498-49577c829b88,9c697406-e6ab-46c4-9420-1bddaac3193c,,cheshire-east,,
f530686e-45fa-42cd-9a5d-5079a44f4d16,9c697406-e6ab-46c4-9420-1bddaac3193c,,cheshire-west,,
67ee0cc0-f3b2-48c5-9535-8b36edb472a1,9c697406-e6ab-46c4-9420-1bddaac3193c,,cumbria,,
68a3d7fe-c7c8-4f83-89d0-04da0a52cb00,9c697406-e6ab-46c4-9420-1bddaac3193c,,east-lancashire,,
939f4ae1-6d91-4727-87b1-69a56f490a7e,9c697406-e6ab-46c4-9420-1bddaac3193c,,knowsley-and-st-helens,,
e791af50-5a9e-42d9-bc2c-3b691d36a022,9c697406-e6ab-46c4-9420-1bddaac3193c,,liverpool-north,,
0225d049-b1c5-4d0c-bd84-041a1a3ddf3a,9c697406-e6ab-46c4-9420-1bddaac3193c,,liverpool-south,,
86a4e1ac-9f4e-4fc0-8dd3-434973d25dd6,9c697406-e6ab-46c4-9420-1bddaac3193c,,north-west-lancashire,,
f4b0416e-de21-4501-94e9-fb30c9e6ea92,9c697406-e6ab-46c4-9420-1bddaac3193c,,sefton,,
fcb8a906-9cd4-47f1-a06a-b0f05abf68b0,9c697406-e6ab-46c4-9420-1bddaac3193c,,warrington-and-halton,,
f6c298f3-f76b-45d7-893f-72872f9d1333,9c697406-e6ab-46c4-9420-1bddaac3193c,,wirral,,
176249ac-72f4-407b-9602-cb0220b71551,9c697406-e6ab-46c4-9420-1bddaac3193c,,derby-city,,
d006413a-2be1-4fca-bf48-906625b619f3,9c697406-e6ab-46c4-9420-1bddaac3193c,,derbyshire,,
990d8cb5-4f1a-4c64-a6a7-ea8160eeaf70,9c697406-e6ab-46c4-9420-1bddaac3193c,,east-and-west-lincolnshire,,
00b24f5b-3863-4174-848b-c3e00642e735,9c697406-e6ab-46c4-9420-1bddaac3193c,,leicester-leicestershire-and-rutland,,
3ddd4b6b-0d9e-46e6-879e-f46d9b6e1aab,9c697406-e6ab-46c4-9420-1bddaac3193c,,nottingham-city,,
5f55b507-b173-47a3-ade0-23786dd6bcf1,9c697406-e6ab-46c4-9420-1bddaac3193c,,nottinghamshire,,
28c144b3-73ac-48e8-9cd8-c7a2c600e7a4,4d0b95e1-a83f-48dd-a2bc-c6af4371b85a,,birmingham-central-and-south,,
fb1a9038-7006-45d5-a237-a13325dfd0a4,4d0b95e1-a83f-48dd-a2bc-c6af4371b85a,,birmingham-north-east-and-solihull,,
099b03a4-6fb9-4839-9601-94c0f396c212,4d0b95e1-a83f-48dd-a2bc-c6af4371b85a,,coventry,,
0c27aba8-7785-4cac-83bd-ceda3e10720c,4d0b95e1-a83f-48dd-a2bc-c6af4371b85a,,dudley-and-sandwell,,
e78301bd-a1e1-442f-a058-17d42856b596,4d0b95e1-a83f-48dd-a2bc-c6af4371b85a,,herefordshire-shropshire-and-telford,,
fa4f3dc5-2a62-40c0-85eb-b4410b59cc5e,4d0b95e1-a83f-48dd-a2bc-c6af4371b85a,,staffordshire-and-stoke,,
d82156cc-4ce3-41df-a87d-178ee4ef12e3,4d0b95e1-a83f-48dd-a2bc-c6af4371b85a,,walsall-and-wolverhampton,,
43eb1ac9-5256-4acd-9bb7-a0d1e13a2e70,4d0b95e1-a83f-48dd-a2bc-c6af4371b85a,,warwickshire,,
af399330-5a15-4dc6-8784-89e2054c469d,4d0b95e1-a83f-48dd-a2bc-c6af4371b85a,,worcestershire,,
23966675-fcf2-409f-bd3c-273d9c064829,4d0b95e1-a83f-48dd-a2bc-c6af4371b85a,,bedfordshire,,
d3b0fcb9-7b8e-4679-ace7-44ce77d88679,4d0b95e1-a83f-48dd-a2bc-c6af4371b85a,,cambridgeshire,,
d759f9b0-1849-4622-9774-31e053576f03,4d0b95e1-a83f-48dd-a2bc-c6af4371b85a,,essex-north,,
e893fc58-37e2-4893-88ae-50ac381d8ae7,4d0b95e1-a83f-48dd-a2bc-c6af4371b85a,,essex-south,,
dedb4127-9c7d-485a-8680-016c1f5ab3f9,4d0b95e1-a83f-48dd-a2bc-c6af4371b85a,,hertfordshire,,
6e1e3c5c-f422-43ac-a72e-b1ad96bf53c9,4d0b95e1-a83f-48dd-a2bc-c6af4371b85a,,norfolk,,
0bac7251-4ccd-4a67-a05a-1884d8be8bd2,4d0b95e1-a83f-48dd-a2bc-c6af4371b85a,,northamptonshire,,
5004035c-a381-4329-bf70-368dc0b6725f,4d0b95e1-a83f-48dd-a2bc-c6af4371b85a,,suffolk,,
f32067d4-2e19-4656-b592-52242a565518,4d0b95e1-a83f-48dd-a2bc-c6af4371b85a,,bath-and-north-somerset,,
ea8ace63-0fbe-4277-9e92-20614506512e,4d0b95e1-a83f-48dd-a2bc-c6af4371b85a,,bristol-and-south-gloucestershire,,
6540f6a8-18f2-43e3-b91a-5899b2adbc61,4d0b95e1-a83f-48dd-a2bc-c6af4371b85a,,cornwall-and-isles-of-scilly,,
8e0b0f64-7ac1-427d-87c4-a7efef4acb44,4d0b95e1-a83f-48dd-a2bc-c6af4371b85a,,devon-and-torbay,,
f98eec8d-7881-447a-bb63-3971698fe72b,4d0b95e1-a83f-48dd-a2bc-c6af4371b85a,,dorset,,
99563c26-109e-47ee-9912-c7ca13e0eb2d,4d0b95e1-a83f-48dd-a2bc-c6af4371b85a,,gloucestershire,,
f8522b42-4247-44a0-8b66-7d48552443f7,4d0b95e1-a83f-48dd-a2bc-c6af4371b85a,,plymouth,,
659d37a1-9003-49ed-b19c-83441417a091,4d0b95e1-a83f-48dd-a2bc-c6af4371b85a,,somerset,,
12f1768e-f446-46ce-a9c8-3a7614563671,4d0b95e1-a83f-48dd-a2bc-c6af4371b85a,,swindon-and-wiltshire,,
392fd92a-7aa9-49ce-915f-9278be3ce291,4d0b95e1-a83f-48dd-a2bc-c6af4371b85a,,cardiff-and-the-vale,,
02d37a2a-a753-456a-afc0-f648fdcd22d5,4d0b95e1-a83f-48dd-a2bc-c6af4371b85a,,cwm-taf-morgannwg,,
e5acb627-0d80-4718-90e4-46093a93346e,4d0b95e1-a83f-48dd-a2bc-c6af4371b85a,,dyfed-powys,,
5fd0b7fa-9a49-4118-964d-f03b593e4247,4d0b95e1-a83f-48dd-a2bc-c6af4371b85a,,gwent,,
669f08ac-f706-4497-838d-8814c2f269d7,4d0b95e1-a83f-48dd-a2bc-c6af4371b85a,,north-wales,,
a1412414-54bd-4fb3-bdc8-9ad8c126593c,4d0b95e1-a83f-48dd-a2bc-c6af4371b85a,,swansea-neath-and-port-talbot,,
a293335f-aba0-48db-89f6-66c786f30e37,4d0b95e1-a83f-48dd-a2bc-c6af4371b85a,,county-durham-and-darlington,,
5127f734-7bca-4fa0-b3bf-8639ac76fdcb,4d0b95e1-a83f-48dd-a2bc-c6af4371b85a,,gateshead-and-south-tyneside,,
04b686bc-549d-4429-b4e6-056eb3bf70d5,4d0b95e1-a83f-48dd-a2bc-c6af4371b85a,,newcastle-upon-tyne,,
b97e808d-b879-4f53-a998-7a61825c6091,4d0b95e1-a83f-48dd-a2bc-c6af4371b85a,,north-tyneside-and-northumberland,,
5a8cf9f0-5350-4a9c-81d6-59c55848ff93,4d0b95e1-a83f-48dd-a2bc-c6af4371b85a,,redcar-cleveland-and-middlesbrough,,
fd559f1e-f669-4645-895c-fecfa38f895d,4d0b95e1-a83f-48dd-a2bc-c6af4371b85a,,stockton-and-hartlepool,,
2287a89d-3329-4b94-b187-d1edc67d859b,4d0b95e1-a83f-48dd-a2bc-c6af4371b85a,,sunderland,,
c57b8cc7-604d-4968-bde4-9eaaba7f17f1,4d0b95e1-a83f-48dd-a2bc-c6af4371b85a,,derby-city,,
6a216d91-66b8-412c-9cdb-833e6485b586,4d0b95e1-a83f-48dd-a2bc-c6af4371b85a,,derbyshire,,
665f1fbd-ff0b-4a30-912a-7cede5416a89,4d0b95e1-a83f-48dd-a2bc-c6af4371b85a,,east-and-west-lincolnshire,,
4b071b4c-b78c-451e-bfe5-1dbf4c50ec71,4d0b95e1-a83f-48dd-a2bc-c6af4371b85a,,leicester-leicestershire-and-rutland,,
9421cba2-c74a-405d-9128-417a3ddabf73,4d0b95e1-a83f-48dd-a2bc-c6af4371b85a,,nottingham-city,,
0ab083ed-414e-407d-9955-995ca2e9aa8d,4d0b95e1-a83f-48dd-a2bc-c6af4371b85a,,nottinghamshire,,
20f771aa-40ae-4d59-a639-6dde5e51379e,4d0b95e1-a83f-48dd-a2bc-c6af4371b85a,,west-kent,,
608ec5a0-b191-429d-9006-b41167ef7921,4d0b95e1-a83f-48dd-a2bc-c6af4371b85a,,east-kent,,
dc7f4830-ced2-4de6-aef9-fdb5857f220a,4d0b95e1-a83f-48dd-a2bc-c6af4371b85a,,west-kent,,
76b7d687-11fe-4a93-8c7f-36e975dfdd53,4d0b95e1-a83f-48dd-a2bc-c6af4371b85a,,surrey,,
ecb3175c-4a3d-49d2-8465-4f7fc3c9a597,4d0b95e1-a83f-48dd-a2bc-c6af4371b85a,,surrey,,
9bb09d97-1b01-46a7-be3f-95df5f73c6fa,4d0b95e1-a83f-48dd-a2bc-c6af4371b85a,,east-sussex,,
23699060-a43d-4ad4-adbb-b81644acf3bc,4d0b95e1-a83f-48dd-a2bc-c6af4371b85a,,west-sussex,,
28b3ef04-7c5e-460b-bcc3-fe6ccb15a541,4d0b95e1-a83f-48dd-a2bc-c6af4371b85a,,east-sussex,,
4933a759-a31e-4285-ad24-5d8ad262fec3,4693f237-5426-4728-a854-b1f5332fc341,,birmingham-central-and-south,,
5047af4f-2076-4e7a-a40f-83693ddc6570,4693f237-5426-4728-a854-b1f5332fc341,,birmingham-north-east-and-solihull,,
50de3ff0-1c6e-4481-aab7-5b8e95683a3f,4693f237-5426-4728-a854-b1f5332fc341,,coventry,,
f16555b8-5148-4740-9be3-37adf68bd055,4693f237-5426-4728-a854-b1f5332fc341,,dudley-and-sandwell,,
9e6dbcf2-05c4-46f6-a105-ac350bc84830,4693f237-5426-4728-a854-b1f5332fc341,,herefordshire-shropshire-and-telford,,
2fdf3259-6082-45cf-adab-2ab502561dd9,4693f237-5426-4728-a854-b1f5332fc341,,staffordshire-and-stoke,,
4c670e1f-ffa5-403e-a7e2-be3f9f33ca7e,4693f237-5426-4728-a854-b1f5332fc341,,walsall-and-wolverhampton,,
abc3475b-340e-44d1-935a-a7dc1fb0ab8d,4693f237-5426-4728-a854-b1f5332fc341,,warwickshire,,
94cd9bb2-d345-472e-b534-38414c5821eb,4693f237-5426-4728-a854-b1f5332fc341,,worcestershire,,
8ef474b0-ceea-4f15-b0cf-2fab1efd7fb2,4693f237-5426-4728-a854-b1f5332fc341,,bedfordshire,,
6aa79a02-fc0c-453b-99d2-1a08f9864dc8,4693f237-5426-4728-a854-b1f5332fc341,,cambridgeshire,,
376546d6-469a-4842-81ab-2bc16f8161d3,4693f237-5426-4728-a854-b1f5332fc341,,essex-north,,
cee9575f-5dbf-4639-9532-e956bafefa0a,4693f237-5426-4728-a854-b1f5332fc341,,essex-south,,
f29bcdbd-b137-47ff-b669-e4d4640b40e9,4693f237-5426-4728-a854-b1f5332fc341,,hertfordshire,,
907feb6c-e450-4b35-82b8-54339439fd3d,4693f237-5426-4728-a854-b1f5332fc341,,norfolk,,
50bdd88b-6847-47d1-954d-622fe6288ce2,4693f237-5426-4728-a854-b1f5332fc341,,northamptonshire,,
df0e8557-258b-4ea4-9a4b-148ccad9f203,4693f237-5426-4728-a854-b1f5332fc341,,suffolk,,
ab7fa75d-50d3-423b-96c5-993a6e475dd4,4693f237-5426-4728-a854-b1f5332fc341,,bath-and-north-somerset,,
32ada3f0-62df-4281-b369-d9ae8c792780,4693f237-5426-4728-a854-b1f5332fc341,,bristol-and-south-gloucestershire,,
7dbae661-5766-4590-904b-132fff6ff9fb,4693f237-5426-4728-a854-b1f5332fc341,,cornwall-and-isles-of-scilly,,
c99bd15f-5189-4780-a480-22bf22e9764c,4693f237-5426-4728-a854-b1f5332fc341,,devon-and-torbay,,
75ae07ac-4046-4ae7-870a-514e7bc8984f,4693f237-5426-4728-a854-b1f5332fc341,,dorset,,
2dfbaa28-dd55-471c-a417-6b3c87cbeefc,4693f237-5426-4728-a854-b1f5332fc341,,gloucestershire,,
bfb2e199-a4f2-4aa6-b1fa-997cf99c22e6,4693f237-5426-4728-a854-b1f5332fc341,,plymouth,,
dd93f372-cc71-476f-ad66-a08d44720090,4693f237-5426-4728-a854-b1f5332fc341,,somerset,,
372e27b3-8d60-4314-a0e0-142d057f22ba,4693f237-5426-4728-a854-b1f5332fc341,,swindon-and-wiltshire,,
a934da2c-b77a-4657-a515-ed6e1661e0ca,4693f237-5426-4728-a854-b1f5332fc341,,cardiff-and-the-vale,,
69da08cb-7685-4d94-bb75-00866311bc1c,4693f237-5426-4728-a854-b1f5332fc341,,cwm-taf-morgannwg,,
e62977c9-58f3-445f-aee3-d7a5e2a9b192,4693f237-5426-4728-a854-b1f5332fc341,,dyfed-powys,,
b568b1c2-4007-4518-bbea-9c7969bebde0,4693f237-5426-4728-a854-b1f5332fc341,,gwent,,
510599a2-0d57-4d34-9954-25fcb0afe8d5,4693f237-5426-4728-a854-b1f5332fc341,,north-wales,,
1d38aa81-faec-4b02-9a10-6f77307e71f9,4693f237-5426-4728-a854-b1f5332fc341,,swansea-neath-and-port-talbot,,
72729ff7-0e6e-4889-a00a-1bfff40b884f,4693f237-5426-4728-a854-b1f5332fc341,,county-durham-and-darlington,,
547bc48d-dd47-42b1-85ad-7b485df3783f,4693f237-5426-4728-a854-b1f5332fc341,,gateshead-and-south-tyneside,,
1b127d1a-1560-46a7-967f-0acef60c9339,4693f237-5426-4728-a854-b1f5332fc341,,newcastle-upon-tyne,,
c631cdde-1ec6-4fb9-ba1b-3770170e3ea4,4693f237-5426-4728-a854-b1f5332fc341,,north-tyneside-and-northumberland,,
13ba6e52-18bc-48ed-8abd-13d21648c0e9,4693f237-5426-4728-a854-b1f5332fc341,,redcar-cleveland-and-middlesbrough,,
a057f91b-9518-4fe9-959f-d2d7b74dcd8a,4693f237-5426-4728-a854-b1f5332fc341,,stockton-and-hartlepool,,
d715313e-d773-4e88-938e-c89b15dbf8d1,4693f237-5426-4728-a854-b1f5332fc341,,sunderland,,
80ad9164-09e8-4cc5-9c2d-c79f0a2d034b,4693f237-5426-4728-a854-b1f5332fc341,,derby-city,,
f0e2538a-35c9-4a25-888b-d5306ac8af37,4693f237-5426-4728-a854-b1f5332fc341,,derbyshire,,
dfbb4f2c-9ec2-4b30-a64d-3e93fd12801b,4693f237-5426-4728-a854-b1f5332fc341,,east-and-west-lincolnshire,,
7a40d844-d229-4f52-869e-93855d844f83,4693f237-5426-4728-a854-b1f5332fc341,,leicester-leicestershire-and-rutland,,
e3ffc52b-6820-4002-a519-dc9394b12cbd,4693f237-5426-4728-a854-b1f5332fc341,,nottingham-city,,
2c2fc408-e645-4060-b753-d20387b04b04,4693f237-5426-4728-a854-b1f5332fc341,,nottinghamshire,,
344f3d75-8121-41a6-856f-dc432f803f1b,4693f237-5426-4728-a854-b1f5332fc341,,west-kent,,
ad9c594c-017b-48e0-ba79-2502e5d2a24f,4693f237-5426-4728-a854-b1f5332fc341,,east-kent,,
5892629a-8860-4826-b702-39d5859dcd81,4693f237-5426-4728-a854-b1f5332fc341,,west-kent,,
18c872c2-f6cb-4b53-b2f5-885a5fc6b1eb,4693f237-5426-4728-a854-b1f5332fc341,,surrey,,
1c092197-c269-4b89-90c3-4beb37f3c290,4693f237-5426-4728-a854-b1f5332fc341,,surrey,,
322d8de4-0562-4821-a58b-26afe26511db,4693f237-5426-4728-a854-b1f5332fc341,,east-sussex,,
0c4b5df7-abb5-4333-8201-d0b1ecce4799,4693f237-5426-4728-a854-b1f5332fc341,,west-sussex,,
9b927791-1e1b-46cf-b313-30a7c82e87bf,4693f237-5426-4728-a854-b1f5332fc341,,east-sussex,,
acb8d884-bad4-433a-8ad7-ff3222a5cc38,0be08906-18a3-48e5-af64-3cef3fac9b95,,birmingham-central-and-south,,
4bbee408-f929-475d-ae30-522f36e36975,0be08906-18a3-48e5-af64-3cef3fac9b95,,birmingham-north-east-and-solihull,,
f45c9705-2b4c-4e03-8b51-29b0caddc887,0be08906-18a3-48e5-af64-3cef3fac9b95,,coventry,,
d604d00c-a090-46f6-aea1-25066fb3e542,0be08906-18a3-48e5-af64-3cef3fac9b95,,dudley-and-sandwell,,
0e1f324a-7259-477e-81ed-7b59e8b8b37a,0be08906-18a3-48e5-af64-3cef3fac9b95,,herefordshire-shropshire-and-telford,,
d153af60-0f06-43c0-bdea-d9d48fb46099,0be08906-18a3-48e5-af64-3cef3fac9b95,,staffordshire-and-stoke,,
658a2f9b-b133-46cb-b45a-c0d22ada152d,0be08906-18a3-48e5-af64-3cef3fac9b95,,walsall-and-wolverhampton,,
2f6a1d3d-c572-44ce-aedf-61489252d008,0be08906-18a3-48e5-af64-3cef3fac9b95,,warwickshire,,
dcbf944c-66e3-41a0-ad6f-11156a1c4c55,0be08906-18a3-48e5-af64-3cef3fac9b95,,worcestershire,,
450dc496-036d-4a72-bba1-a15f954d2d29,0be08906-18a3-48e5-af64-3cef3fac9b95,,bedfordshire,,
640e555c-c9c1-4c93-965f-ae76af2ee983,0be08906-18a3-48e5-af64-3cef3fac9b95,,cambridgeshire,,
f61d6ee2-50bf-43ad-a14a-9677492b4a92,0be08906-18a3-48e5-af64-3cef3fac9b95,,essex-north,,
9c22e50f-ae71-4f64-a1ba-cc8e0b7aed0e,0be08906-18a3-48e5-af64-3cef3fac9b95,,essex-south,,
34273a20-942c-4930-9d54-d0f69ebcbb8f,0be08906-18a3-48e5-af64-3cef3fac9b95,,hertfordshire,,
614b7df0-5b0b-4dc7-be54-87d9ac70abc4,0be08906-18a3-48e5-af64-3cef3fac9b95,,norfolk,,
691cbed3-89e1-401c-90ef-d408999e68ea,0be08906-18a3-48e5-af64-3cef3fac9b95,,northamptonshire,,
5d1eefd0-97a7-4def-b3d5-4cc730a0ac85,0be08906-18a3-48e5-af64-3cef3fac9b95,,suffolk,,
36a85bf5-094c-4b7a-83f0-68ffbee88a75,0be08906-18a3-48e5-af64-3cef3fac9b95,,bath-and-north-somerset,,
d77dff4f-14e7-42ae-afeb-5bbd853d24ad,0be08906-18a3-48e5-af64-3cef3fac9b95,,bristol-and-south-gloucestershire,,
5a47682e-a7a3-4d0b-a3b3-97dc38b18917,0be08906-18a3-48e5-af64-3cef3fac9b95,,cornwall-and-isles-of-scilly,,
95c0ce7d-3236-46ad-ae65-a7537ba01464,0be08906-18a3-48e5-af64-3cef3fac9b95,,devon-and-torbay,,
4a91faa9-5e28-4087-acbd-f308607360fd,0be08906-18a3-48e5-af64-3cef3fac9b95,,dorset,,
49f370bc-abba-42b9-8923-1870e38ad45d,0be08906-18a3-48e5-af64-3cef3fac9b95,,gloucestershire,,
456b8628-172e-4135-9590-160511ebb7dc,0be08906-18a3-48e5-af64-3cef3fac9b95,,plymouth,,
fc88fdb0-b9f8-4255-8676-56942eac5f75,0be08906-18a3-48e5-af64-3cef3fac9b95,,somerset,,
2d6bc13b-a9b1-40c2-b3c9-526c83647a75,0be08906-18a3-48e5-af64-3cef3fac9b95,,swindon-and-wiltshire,,
00669f67-7e2b-4435-9946-4de8c3830f3a,0be08906-18a3-48e5-af64-3cef3fac9b95,,cardiff-and-the-vale,,
cca8e496-fa0a-4c60-957e-6dc20fb56426,0be08906-18a3-48e5-af64-3cef3fac9b95,,cwm-taf-morgannwg,,
045c07ba-2e84-4180-b72d-d4fb3fc0f846,0be08906-18a3-48e5-af64-3cef3fac9b95,,dyfed-powys,,
0106f4e1-9d86-442a-9ff4-5191485ecc40,0be08906-18a3-48e5-af64-3cef3fac9b95,,gwent,,
511c42a6-e234-4088-a0c2-88431d62ca88,0be08906-18a3-48e5-af64-3cef3fac9b95,,north-wales,,
a75fc13a-df7e-45af-b213-ccf147d4bf6a,0be08906-18a3-48e5-af64-3cef3fac9b95,,swansea-neath-and-port-talbot,,
6d108f04-f80f-48e4-99fc-c289bc9b57be,0be08906-18a3-48e5-af64-3cef3fac9b95,,county-durham-and-darlington,,
79fe10e8-9be1-486b-b8ee-c129aa347bad,0be08906-18a3-48e5-af64-3cef3fac9b95,,gateshead-and-south-tyneside,,
a3fde1c1-ee6b-49e2-8a3d-b909292d68e0,0be08906-18a3-48e5-af64-3cef3fac9b95,,newcastle-upon-tyne,,
5785a353-598b-4e17-910e-8899a708a213,0be08906-18a3-48e5-af64-3cef3fac9b95,,north-tyneside-and-northumberland,,
9c462488-8a5c-4205-a30d-2a907b01df88,0be08906-18a3-48e5-af64-3cef3fac9b95,,redcar-cleveland-and-middlesbrough,,
6c164783-adc7-4bcc-8369-898e48ce3b68,0be08906-18a3-48e5-af64-3cef3fac9b95,,stockton-and-hartlepool,,
db0ea892-b053-4ed9-8474-d4ee4b74c89c,0be08906-18a3-48e5-af64-3cef3fac9b95,,sunderland,,
57952d70-7437-4dc6-9cde-87a6b0cd9abf,0be08906-18a3-48e5-af64-3cef3fac9b95,,derby-city,,
7fabcf5a-3f03-4100-95da-e1eb8553a30c,0be08906-18a3-48e5-af64-3cef3fac9b95,,derbyshire,,
52e8a989-4979-42c4-8cf4-68efcb7b8aa6,0be08906-18a3-48e5-af64-3cef3fac9b95,,east-and-west-lincolnshire,,
419483b3-7736-49e4-be90-b1ce1180bab8,0be08906-18a3-48e5-af64-3cef3fac9b95,,leicester-leicestershire-and-rutland,,
bb62b6ef-ba49-45cb-8b18-ed5fdc2f2bb3,0be08906-18a3-48e5-af64-3cef3fac9b95,,nottingham-city,,
fdfdb890-e1e5-4068-8b51-267686fddee8,0be08906-18a3-48e5-af64-3cef3fac9b95,,nottinghamshire,,
09d096c7-5b29-4dd4-a971-594bcea564c5,0be08906-18a3-48e5-af64-3cef3fac9b95,,west-kent,,
d5b6a149-fa5f-4637-9994-f0a7a66289c0,0be08906-18a3-48e5-af64-3cef3fac9b95,,east-kent,,
f80e499f-17fc-481f-bd2e-feace421ad30,0be08906-18a3-48e5-af64-3cef3fac9b95,,west-kent,,
929afeb8-803f-4494-9d49-9a2e2057afa0,0be08906-18a3-48e5-af64-3cef3fac9b95,,surrey,,
c6f6abc3-bcc7-4c95-a898-89e1066177f0,0be08906-18a3-48e5-af64-3cef3fac9b95,,surrey,,
be48a272-df91-4586-8192-77881bf2a910,0be08906-18a3-48e5-af64-3cef3fac9b95,,east-sussex,,
03ee81e6-57a2-4cdf-93f2-0ca8e9a9ff90,0be08906-18a3-48e5-af64-3cef3fac9b95,,west-sussex,,
71c6e806-fcd7-4d6b-8375-2fb3ecab5d1f,0be08906-18a3-48e5-af64-3cef3fac9b95,,east-sussex,,
